NCT Number,Study Title,Study URL,Acronym,Study Status,Brief Summary,Study Results,Conditions,Interventions,Primary Outcome Measures,Secondary Outcome Measures,Other Outcome Measures,Sponsor,Collaborators,Sex,Age,Phases,Enrollment,Funder Type,Study Type,Study Design,Other IDs,Start Date,Primary Completion Date,Completion Date,First Posted,Results First Posted,Last Update Posted,Locations,Study Documents
NCT00490139,ALTTO (Adjuvant Lapatinib And/Or Trastuzumab Treatment Optimisation) Study; BIG 2-06/N063D,https://clinicaltrials.gov/study/NCT00490139,ALTTO,COMPLETED,"This was a four-arm (parallel group) randomized, open-label, multicenter Phase 3 study to investigate the use of a combination of Lapatinib and Trastuzumab, a sequence of Trastuzumab followed by Lapatinib, and Lapatinib alone, compared to Trastuzumab alone in the adjuvant treatment of Human Epidermal Growth Factor Receptor 2 (HER2) positive early breast cancer.",YES,"Neoplasms, Breast",DRUG: Lapatinib|BIOLOGICAL: Trastuzumab,"Disease-Free Survival (DFS) at the Primary Analysis, Disease-Free Survival (DFS) was defined as the interval between randomization and the date of first occurrence of disease recurrence (local, regional or distant), a contralateral invasive breast cancer, a second primary cancer or death without recurrence. Only deaths occurring in participants whose clinical follow-up was ongoing at the time of death and who had no recurrence, contralateral breast cancer (CBC) or second primary malignancy (SPM) reported prior to death were considered as death without recurrence. DFS was estimated using the Kaplan Meier method. The percentile data values presented here indicate the percentage (95, 90, 85, 80 and 75 percent) of participants who had disease free survival for the indicated years., From randomization until the date of the first occurrence of disease recurrence, a contralateral invasive breast cancer, a second primary cancer, or death from any cause (median follow-up of 4.5 years)","Disease-Free Survival (DFS) at the 10-Year Follow-Up, Disease-Free Survival (DFS) was defined as the interval between randomization and the date of first occurrence of disease recurrence (local, regional or distant), a contralateral invasive breast cancer, a second primary cancer or death without recurrence. Only deaths occurring in participants whose clinical follow-up was ongoing at the time of death and who had no recurrence, contralateral breast cancer (CBC) or second primary malignancy (SPM) reported prior to death were considered as death without recurrence. DFS was estimated using the Kaplan Meier method. The percentile data values presented here indicate the percentage (95, 90, 85 and 80 percent) of participants who had disease free survival for the indicated years., From randomization until the date of the first occurrence of disease recurrence, a contralateral invasive breast cancer, a second primary cancer, or death from any cause, assessed up to approximately 10 years|Overall Survival (OS) at the Primary Analysis, Overall Survival (OS) was defined as the time from randomization until death due to any cause. Participants who had not died were censored at the last date they were known to be alive, or date of withdrawal of consent. OS was calculated in years as (date of death minus the date of randomization +1) divided by 365.25. The percentile data values presented here indicate the percentage (99, 98, 97, 96, 95 and 90 percent) of participants who survived for the indicated years., From randomization until death due to any cause (median follow-up of 4.5 years)|Overall Survival (OS) at the 10-Year Follow-Up, Overall Survival (OS) was defined as the time from randomization until death due to any cause. Participants who had not died were censored at the last date they were known to be alive, or date of withdrawal of consent. OS was calculated in years as (date of death minus the date of randomization +1) divided by 365.25. The percentile data values presented here indicate the percentage (99, 98, 95 and 90 percent) of participants who survived for the indicated years., From randomization until death due to any cause, assessed up to approximately 10 years|Analysis of Time to Recurrence (TTR), Time to Recurrence (TTR) was defined as the the time from randomization to breast cancer recurrence, ignoring second primary cancers (including contralateral breast cancers and non-breast second malignancies) and counting deaths without recurrence as a competing risk., From randomization until the date of the first occurrence of a disease recurrence, assessed up to approximately 10 years|Analysis of Time to Distant Recurrence (TTDR), Time to Distant Recurrence (TTDR) was defined as the the time from randomization to first distant breast cancer recurrence, ignoring locoregional recurrences and second primary cancers, (including contralateral breast cancers and non-breast second malignancies ) and counting deaths without recurrence as a competing risk., From randomization until the date of the first occurrence of distant recurrence, assessed up to approximately 10 years|Analysis of Time to Central Nervous System (CNS) Recurrence, Time to Central Nervous System (CNS) recurrence was defined as the time from randomization to first CNS recurrence. Both brain metastasis and meningitis carcinomatosa were considered., From randomization until the first central nervous system recurrence, assessed up to approximately 10 years|Cumulative Incidence of Brain Metastases, The cumulative incidence of brain metastases as the first site of breast cancer recurrence among treatment arms was assessed using a hierarchy of primary type and location of first DFS event in cases where more than one event was identified simultaneously. Because diagnostic procedures for different types of recurrence could not be performed on exactly the same day, any diagnoses noted within a two month (60 day) period of the first reported event was considered as identified simultaneously for purposes of defining the type of the first event and the date of event was be regarded as the earliest of the relevant events., From randomization until the date of the first occurrence of a disease recurrence, assessed up to approximately 10 years",,Novartis Pharmaceuticals,North Central Cancer Treatment Group|National Cancer Institute (NCI)|Breast International Group|Canadian Cancer Trials Group,ALL,"ADULT, OLDER_ADULT",PHASE3,8381,INDUSTRY,INTERVENTIONAL,Allocation: RANDOMIZED|Intervention Model: PARALLEL|Masking: NONE|Primary Purpose: TREATMENT,EGF106708|CLAP016B2301|2006-000562-36,2007-05-16,2013-12-06,2021-07-01,2007-06-22,2014-08-18,2025-03-25,"Novartis Investigative Site, Mobile, Alabama, 36608, United States|Novartis Investigative Site, Anchorage, Alaska, 99508, United States|Novartis Investigative Site, Tucson, Arizona, 85715, United States|Novartis Investigative Site, Jonesboro, Arkansas, 72401, United States|Novartis Investigative Site, Duarte, California, 91010, United States|Novartis Investigative Site, Fairfield, California, 94533, United States|Novartis Investigative Site, La Jolla, California, 92093-0987, United States|Novartis Investigative Site, La Jolla, California, 92093, United States|Novartis Investigative Site, Loma Linda, California, 92534, United States|Novartis Investigative Site, Martinez, California, 94553-3156, United States|Novartis Investigative Site, Marysville, California, 95901, United States|Novartis Investigative Site, Mountain View, California, 94040, United States|Novartis Investigative Site, Oakland, California, 94609, United States|Novartis Investigative Site, Pleasanton, California, 94588, United States|Novartis Investigative Site, Sacramento, California, 95817, United States|Novartis Investigative Site, San Francisco, California, 94110, United States|Novartis Investigative Site, Aurora, Colorado, 80012, United States|Novartis Investigative Site, Boulder, Colorado, 80301, United States|Novartis Investigative Site, Colorado Springs, Colorado, 80907, United States|Novartis Investigative Site, Denver, Colorado, 80210, United States|Novartis Investigative Site, Denver, Colorado, 80218, United States|Novartis Investigative Site, Denver, Colorado, 80220, United States|Novartis Investigative Site, Fort Collins, Colorado, 80524, United States|Novartis Investigative Site, Fort Collins, Colorado, 80528, United States|Novartis Investigative Site, Thornton, Colorado, 80229, United States|Novartis Investigative Site, Wheat Ridge, Colorado, 80033, United States|Novartis Investigative Site, Hartford, Connecticut, 06105, United States|Novartis Investigative Site, New Haven, Connecticut, 06520, United States|Novartis Investigative Site, Dover, Delaware, 19901, United States|Novartis Investigative Site, Washington, District of Columbia, 20007, United States|Novartis Investigative Site, Washington, District of Columbia, 20307, United States|Novartis Investigative Site, Boca Raton, Florida, 33486, United States|Novartis Investigative Site, Fort Lauderdale, Florida, 33308, United States|Novartis Investigative Site, Fort Myers, Florida, 33916, United States|Novartis Investigative Site, Hollywood, Florida, 33021, United States|Novartis Investigative Site, Jacksonville, Florida, 32207, United States|Novartis Investigative Site, Jacksonville, Florida, 32224, United States|Novartis Investigative Site, Lakeland, Florida, 33805, United States|Novartis Investigative Site, Ocala, Florida, 34474, United States|Novartis Investigative Site, Orlando, Florida, 32803, United States|Novartis Investigative Site, Orlando, Florida, 32806, United States|Novartis Investigative Site, Weston, Florida, 33331, United States|Novartis Investigative Site, Athens, Georgia, 30607, United States|Novartis Investigative Site, Atlanta, Georgia, 30309, United States|Novartis Investigative Site, Atlanta, Georgia, 30342, United States|Novartis Investigative Site, Augusta, Georgia, 30912, United States|Novartis Investigative Site, Columbus, Georgia, 31904, United States|Novartis Investigative Site, Decatur, Georgia, 30033, United States|Novartis Investigative Site, Savannah, Georgia, 31405, United States|Novartis Investigative Site, Honolulu, Hawaii, 96813, United States|Novartis Investigative Site, Honolulu, Hawaii, 96859, United States|Novartis Investigative Site, Lihue, Hawaii, 96766, United States|Novartis Investigative Site, Boise, Idaho, 83706, United States|Novartis Investigative Site, Boise, Idaho, 83712, United States|Novartis Investigative Site, Chicago, Illinois, 60611, United States|Novartis Investigative Site, Evanston, Illinois, 60201, United States|Novartis Investigative Site, Harvey, Illinois, 60426, United States|Novartis Investigative Site, Kankakee, Illinois, 60901, United States|Novartis Investigative Site, Maywood, Illinois, 60153, United States|Novartis Investigative Site, Mount Vernon, Illinois, 62864, United States|Novartis Investigative Site, Oak Lawn, Illinois, 60453-2699, United States|Novartis Investigative Site, Ottawa, Illinois, 61350, United States|Novartis Investigative Site, Pekin, Illinois, 61554, United States|Novartis Investigative Site, Peoria, Illinois, 61615, United States|Novartis Investigative Site, Peru, Illinois, 61354, United States|Novartis Investigative Site, Princeton, Illinois, 61356, United States|Novartis Investigative Site, Rockford, Illinois, 61104, United States|Novartis Investigative Site, Rockford, Illinois, 61114, United States|Novartis Investigative Site, Skokie, Illinois, 60077, United States|Novartis Investigative Site, Springfield, Illinois, 62781-0001, United States|Novartis Investigative Site, Urbana, Illinois, 61801, United States|Novartis Investigative Site, Beech Grove, Indiana, 46107, United States|Novartis Investigative Site, Fort Wayne, Indiana, 46815, United States|Novartis Investigative Site, Indianapolis, Indiana, 46202, United States|Novartis Investigative Site, Kokomo, Indiana, 46904, United States|Novartis Investigative Site, Mishawaka, Indiana, 46545, United States|Novartis Investigative Site, Muncie, Indiana, 47303, United States|Novartis Investigative Site, South Bend, Indiana, 46601, United States|Novartis Investigative Site, South Bend, Indiana, 46617, United States|Novartis Investigative Site, Ames, Iowa, 50010, United States|Novartis Investigative Site, Bettendorf, Iowa, 52722, United States|Novartis Investigative Site, Cedar Rapids, Iowa, 52402, United States|Novartis Investigative Site, Des Moines, Iowa, 50309, United States|Novartis Investigative Site, Des Moines, Iowa, 50314, United States|Novartis Investigative Site, Mason City, Iowa, United States|Novartis Investigative Site, Sioux City, Iowa, 51101-1733, United States|Novartis Investigative Site, Waterloo, Iowa, 50702, United States|Novartis Investigative Site, Chanute, Kansas, 66720, United States|Novartis Investigative Site, El Dorado, Kansas, 67042, United States|Novartis Investigative Site, Independence, Kansas, 67301, United States|Novartis Investigative Site, Lawrence, Kansas, 66044, United States|Novartis Investigative Site, Prairie Village, Kansas, 66208, United States|Novartis Investigative Site, Pratt, Kansas, 67124, United States|Novartis Investigative Site, Topeka, Kansas, 66604, United States|Novartis Investigative Site, Topeka, Kansas, 66606, United States|Novartis Investigative Site, Wichita, Kansas, 67214, United States|Novartis Investigative Site, Louisville, Kentucky, 40292, United States|Novartis Investigative Site, Baton Rouge, Louisiana, 70809, United States|Novartis Investigative Site, New Orleans, Louisiana, 70112, United States|Novartis Investigative Site, New Orleans, Louisiana, 70121, United States|Novartis Investigative Site, Portland, Maine, 04101, United States|Novartis Investigative Site, Scarborough, Maine, 04074, United States|Novartis Investigative Site, Baltimore, Maryland, 21201, United States|Novartis Investigative Site, Baltimore, Maryland, 21287-8936, United States|Novartis Investigative Site, Bethesda, Maryland, 20889-5600, United States|Novartis Investigative Site, Frederick, Maryland, 21701, United States|Novartis Investigative Site, Silver Spring, Maryland, 20910, United States|Novartis Investigative Site, Towson, Maryland, 21204, United States|Novartis Investigative Site, Westminster, Maryland, 21157, United States|Novartis Investigative Site, Boston, Massachusetts, 02135, United States|Novartis Investigative Site, Hyannis, Massachusetts, 02601, United States|Novartis Investigative Site, Peabody, Massachusetts, 01960, United States|Novartis Investigative Site, Adrian, Michigan, 49221, United States|Novartis Investigative Site, Ann Arbor, Michigan, 48106-0995, United States|Novartis Investigative Site, Dearborn, Michigan, 48123, United States|Novartis Investigative Site, Detroit, Michigan, 48202, United States|Novartis Investigative Site, Flint, Michigan, 48532, United States|Novartis Investigative Site, Iron Mountain, Michigan, 49801, United States|Novartis Investigative Site, Kalamazoo, Michigan, 49007, United States|Novartis Investigative Site, Pontiac, Michigan, 48341-2985, United States|Novartis Investigative Site, Saginaw, Michigan, 48601, United States|Novartis Investigative Site, Saint Joseph, Michigan, 49085, United States|Novartis Investigative Site, Southfield, Michigan, 48075, United States|Novartis Investigative Site, Albert Lea, Minnesota, 56007, United States|Novartis Investigative Site, Duluth, Minnesota, 55805, United States|Novartis Investigative Site, Edina, Minnesota, 55435, United States|Novartis Investigative Site, Mankato, Minnesota, 56002, United States|Novartis Investigative Site, Maplewood, Minnesota, 55109, United States|Novartis Investigative Site, Minneapolis, Minnesota, 55407-3799, United States|Novartis Investigative Site, Minneapolis, Minnesota, 55415, United States|Novartis Investigative Site, Saint Cloud, Minnesota, 56303, United States|Novartis Investigative Site, Saint Louis Park, Minnesota, 55416, United States|Novartis Investigative Site, Saint Paul, Minnesota, 55101, United States|Novartis Investigative Site, Saint Paul, Minnesota, 55102, United States|Novartis Investigative Site, Shakopee, Minnesota, 55379, United States|Novartis Investigative Site, Waconia, Minnesota, 55387, United States|Novartis Investigative Site, Willmar, Minnesota, 56201, United States|Novartis Investigative Site, Pascagoula, Mississippi, 39581, United States|Novartis Investigative Site, Kansas City, Missouri, 64131, United States|Novartis Investigative Site, Saint Louis, Missouri, 63110, United States|Novartis Investigative Site, Springfield, Missouri, 65807, United States|Novartis Investigative Site, Billings, Montana, 59101, United States|Novartis Investigative Site, Bozeman, Montana, 59715, United States|Novartis Investigative Site, Great Falls, Montana, 59405, United States|Novartis Investigative Site, Grand Island, Nebraska, 68803, United States|Novartis Investigative Site, Lincoln, Nebraska, 68510, United States|Novartis Investigative Site, Omaha, Nebraska, 68106, United States|Novartis Investigative Site, Omaha, Nebraska, 68114, United States|Novartis Investigative Site, Omaha, Nebraska, 68122, United States|Novartis Investigative Site, Omaha, Nebraska, 68124, United States|Novartis Investigative Site, Omaha, Nebraska, 68131, United States|Novartis Investigative Site, Omaha, Nebraska, 68198, United States|Novartis Investigative Site, Las Vegas, Nevada, 89169, United States|Novartis Investigative Site, Concord, New Hampshire, 03301, United States|Novartis Investigative Site, Hooksett, New Hampshire, 03106, United States|Novartis Investigative Site, Laconia, New Hampshire, 03246, United States|Novartis Investigative Site, Lebanon, New Hampshire, 03756, United States|Novartis Investigative Site, Hackensack, New Jersey, 07601, United States|Novartis Investigative Site, Livingston, New Jersey, 07039, United States|Novartis Investigative Site, New Brunswick, New Jersey, 08901, United States|Novartis Investigative Site, Princeton, New Jersey, 24740, United States|Novartis Investigative Site, Somerville, New Jersey, 08876, United States|Novartis Investigative Site, Sparta, New Jersey, 07871, United States|Novartis Investigative Site, Vineland, New Jersey, 08360, United States|Novartis Investigative Site, Albuquerque, New Mexico, 87106, United States|Novartis Investigative Site, Albuquerque, New Mexico, 87110, United States|Novartis Investigative Site, Las Cruces, New Mexico, 88011, United States|Novartis Investigative Site, Bronx, New York, 10461, United States|Novartis Investigative Site, Bronx, New York, 10467-2490, United States|Novartis Investigative Site, Buffalo, New York, 14263, United States|Novartis Investigative Site, Cooperstown, New York, 13326, United States|Novartis Investigative Site, East Syracuse, New York, 13057, United States|Novartis Investigative Site, Manhasset, New York, 11030, United States|Novartis Investigative Site, New York, New York, 10003, United States|Novartis Investigative Site, New York, New York, 10011, United States|Novartis Investigative Site, New York, New York, 10016, United States|Novartis Investigative Site, New York, New York, 10032, United States|Novartis Investigative Site, Rochester, New York, 14642, United States|Novartis Investigative Site, Chapel Hill, North Carolina, 27599, United States|Novartis Investigative Site, Hendersonville, North Carolina, 28791, United States|Novartis Investigative Site, Kinston, North Carolina, 28501, United States|Novartis Investigative Site, Raleigh, North Carolina, 27607, United States|Novartis Investigative Site, Washington, North Carolina, 27889, United States|Novartis Investigative Site, Winston-Salem, North Carolina, 27157, United States|Novartis Investigative Site, Bismarck, North Dakota, 58501, United States|Novartis Investigative Site, Fargo, North Dakota, 58122, United States|Novartis Investigative Site, Minot, North Dakota, 58701, United States|Novartis Investigative Site, Bowling Green, Ohio, 43402, United States|Novartis Investigative Site, Canton, Ohio, 44710, United States|Novartis Investigative Site, Chillicothe, Ohio, 54601, United States|Novartis Investigative Site, Cincinnati, Ohio, 45242, United States|Novartis Investigative Site, Clyde, Ohio, 43410, United States|Novartis Investigative Site, Columbus, Ohio, 43210, United States|Novartis Investigative Site, Columbus, Ohio, 43214, United States|Novartis Investigative Site, Columbus, Ohio, 43215, United States|Novartis Investigative Site, Columbus, Ohio, 43222, United States|Novartis Investigative Site, Dayton, Ohio, 45415, United States|Novartis Investigative Site, Franklin, Ohio, 45005-1066, United States|Novartis Investigative Site, Greenville, Ohio, 45331, United States|Novartis Investigative Site, Kettering, Ohio, 45429, United States|Novartis Investigative Site, Maumee, Ohio, 43623, United States|Novartis Investigative Site, Sandusky, Ohio, 44870, United States|Novartis Investigative Site, Sylvania, Ohio, 43560, United States|Novartis Investigative Site, Toledo, Ohio, 43623, United States|Novartis Investigative Site, Oklahoma City, Oklahoma, 73120, United States|Novartis Investigative Site, Tulsa, Oklahoma, 74136, United States|Novartis Investigative Site, Eugene, Oregon, 97401, United States|Novartis Investigative Site, Portland, Oregon, 97210, United States|Novartis Investigative Site, Abington, Pennsylvania, 19001-3788, United States|Novartis Investigative Site, Bethlehem, Pennsylvania, 18015, United States|Novartis Investigative Site, Hershey, Pennsylvania, 17033, United States|Novartis Investigative Site, Kingston, Pennsylvania, 18704, United States|Novartis Investigative Site, Nashville, Pennsylvania, 37204, United States|Novartis Investigative Site, Philadelphia, Pennsylvania, 19111, United States|Novartis Investigative Site, Pottstown, Pennsylvania, 19464, United States|Novartis Investigative Site, Sayre, Pennsylvania, 18840, United States|Novartis Investigative Site, West Reading, Pennsylvania, 19611, United States|Novartis Investigative Site, Charleston, South Carolina, 29406, United States|Novartis Investigative Site, Greenville, South Carolina, 29605, United States|Novartis Investigative Site, Rapid City, South Dakota, 57701, United States|Novartis Investigative Site, Chattanooga, Tennessee, 37403, United States|Novartis Investigative Site, Chattanooga, Tennessee, 37404, United States|Novartis Investigative Site, Jackson, Tennessee, 38301, United States|Novartis Investigative Site, Knoxville, Tennessee, 37920, United States|Novartis Investigative Site, Memphis, Tennessee, 38120, United States|Novartis Investigative Site, Nashville, Tennessee, 37203, United States|Novartis Investigative Site, Nashville, Tennessee, 37208, United States|Novartis Investigative Site, Nashville, Tennessee, 37232, United States|Novartis Investigative Site, Beaumont, Texas, 77702-1449, United States|Novartis Investigative Site, Bedford, Texas, 76022, United States|Novartis Investigative Site, Fort Sam Houston, Texas, 78234, United States|Novartis Investigative Site, Fort Worth, Texas, 76104, United States|Novartis Investigative Site, Houston, Texas, 77030, United States|Novartis Investigative Site, Lackland Air Force Base, Texas, 78236, United States|Novartis Investigative Site, Longview, Texas, 75601, United States|Novartis Investigative Site, McAllen, Texas, 78503-1298, United States|Novartis Investigative Site, Mesquite, Texas, 75150, United States|Novartis Investigative Site, Midland, Texas, 79701, United States|Novartis Investigative Site, San Antonio, Texas, 78209, United States|Novartis Investigative Site, San Antonio, Texas, 78229, United States|Novartis Investigative Site, Tyler, Texas, 75702, United States|Novartis Investigative Site, Salt Lake City, Utah, 84112, United States|Novartis Investigative Site, Hampton, Virginia, 23666, United States|Novartis Investigative Site, Richmond, Virginia, 23230, United States|Novartis Investigative Site, Roanoke, Virginia, 24014, United States|Novartis Investigative Site, Bellingham, Washington, 98225, United States|Novartis Investigative Site, Seattle, Washington, 98122, United States|Novartis Investigative Site, Seattle, Washington, 98133, United States|Novartis Investigative Site, Spokane, Washington, 99218, United States|Novartis Investigative Site, Tacoma, Washington, 98405, United States|Novartis Investigative Site, Charleston, West Virginia, 25304, United States|Novartis Investigative Site, Huntington, West Virginia, 25701, United States|Novartis Investigative Site, Appleton, Wisconsin, 53715, United States|Novartis Investigative Site, Chippewa Falls, Wisconsin, 54729, United States|Novartis Investigative Site, Eau Claire, Wisconsin, 54702, United States|Novartis Investigative Site, Green Bay, Wisconsin, 54301, United States|Novartis Investigative Site, La Crosse, Wisconsin, 54601, United States|Novartis Investigative Site, Madison, Wisconsin, 53717, United States|Novartis Investigative Site, Oshkosh, Wisconsin, 54904, United States|Novartis Investigative Site, Sturgeon Bay, Wisconsin, 54235, United States|Novartis Investigative Site, Berazategui, B1880BBF, Argentina|Novartis Investigative Site, Ciudad Autonoma de Buenos Aires, C1125ABD, Argentina|Novartis Investigative Site, Ciudad Autonoma de Buenos Aires, C1185AAT, Argentina|Novartis Investigative Site, Ciudad Autonoma de Buenos Aires, C1417DTN, Argentina|Novartis Investigative Site, Mendoza, M5500AYB, Argentina|Novartis Investigative Site, Quilmes, 1878, Argentina|Novartis Investigative Site, Rosario, S2000KZE, Argentina|Novartis Investigative Site, Santa Fe, 3000, Argentina|Novartis Investigative Site, Tucuman, 4000, Argentina|Novartis Investigative Site, Box Hill, Victoria, 3128, Australia|Novartis Investigative Site, Adelaide, 5000, Australia|Novartis Investigative Site, Bedford Park, 5042, Australia|Novartis Investigative Site, Bunbury, 6230, Australia|Novartis Investigative Site, Campbelltown, 2560, Australia|Novartis Investigative Site, Camperdown, 2050, Australia|Novartis Investigative Site, Coffs Harbour, 2450, Australia|Novartis Investigative Site, Concord, 2139, Australia|Novartis Investigative Site, East Bentleigh, 3165, Australia|Novartis Investigative Site, East Melbourne, 3002, Australia|Novartis Investigative Site, Heidelberg, 3084, Australia|Novartis Investigative Site, Hobart, 7000, Australia|Novartis Investigative Site, Lismore, 2480, Australia|Novartis Investigative Site, Liverpool, 2170, Australia|Novartis Investigative Site, Melbourne, 3002, Australia|Novartis Investigative Site, Murdoch, 6150, Australia|Novartis Investigative Site, Nambour, 4560, Australia|Novartis Investigative Site, Nedlands, 6009, Australia|Novartis Investigative Site, North Sydney, 2060, Australia|Novartis Investigative Site, Parkville, 3050, Australia|Novartis Investigative Site, Port Macquarie, 2444, Australia|Novartis Investigative Site, Randwick, 2031, Australia|Novartis Investigative Site, South Brisbane, 4101, Australia|Novartis Investigative Site, Subiaco, 6008, Australia|Novartis Investigative Site, Taree, 2430, Australia|Novartis Investigative Site, Tweed Heads, 2485, Australia|Novartis Investigative Site, Wagga Wagga, 2650, Australia|Novartis Investigative Site, Waratah, 2298, Australia|Novartis Investigative Site, Wendouree, 3355, Australia|Novartis Investigative Site, Westmead, 2145, Australia|Novartis Investigative Site, Woodville, 5011, Australia|Novartis Investigative Site, Woolloongabba, 4102, Australia|Novartis Investigative Site, Rankweil, 6830, Austria|Novartis Investigative Site, Salzburg, 5020, Austria|Novartis Investigative Site, Steyr, 4400, Austria|Novartis Investigative Site, Villach, 9500, Austria|Novartis Investigative Site, Wien, 1090, Austria|Novartis Investigative Site, Aalst, 9300, Belgium|Novartis Investigative Site, Antwerpen, 2020, Belgium|Novartis Investigative Site, Bonheiden, 2820, Belgium|Novartis Investigative Site, Brugge, 8000, Belgium|Novartis Investigative Site, Brussels, 1000, Belgium|Novartis Investigative Site, Brussels, 1070, Belgium|Novartis Investigative Site, Bruxelles, 1020, Belgium|Novartis Investigative Site, Bruxelles, 1050, Belgium|Novartis Investigative Site, Bruxelles, 1200, Belgium|Novartis Investigative Site, Charleroi, 6000, Belgium|Novartis Investigative Site, Edegem, 2650, Belgium|Novartis Investigative Site, Genk, 3600, Belgium|Novartis Investigative Site, Gent, 9000, Belgium|Novartis Investigative Site, Haine Saint Paul, 7100, Belgium|Novartis Investigative Site, Hasselt, 3500, Belgium|Novartis Investigative Site, Huy, 4500, Belgium|Novartis Investigative Site, Jette, 1090, Belgium|Novartis Investigative Site, Kortrijk, 8500, Belgium|Novartis Investigative Site, Leuven, 3000, Belgium|Novartis Investigative Site, Liege, 4000, Belgium|Novartis Investigative Site, Mons, 7000, Belgium|Novartis Investigative Site, Namur, 5000, Belgium|Novartis Investigative Site, Roeselare, 8800, Belgium|Novartis Investigative Site, Sint-Niklaas, 9100, Belgium|Novartis Investigative Site, Tournai, 7500, Belgium|Novartis Investigative Site, Turnhout, 2300, Belgium|Novartis Investigative Site, Verviers, 4800, Belgium|Novartis Investigative Site, Wilrijk, 2610, Belgium|Novartis Investigative Site, Yvoir, 5530, Belgium|Novartis Investigative Site, Jau, São Paulo, 17210-120, Brazil|Novartis Investigative Site, Belo Horizonte, 30150-270, Brazil|Novartis Investigative Site, Porte Alegre, 90430-001, Brazil|Novartis Investigative Site, Porto Alegre, 90050-170, Brazil|Novartis Investigative Site, Porto Alegre, 90430-090, Brazil|Novartis Investigative Site, Porto Alegre, 90560-030, Brazil|Novartis Investigative Site, Porto Alegre, 90610000, Brazil|Novartis Investigative Site, Rio de Janeiro, 20560-120, Brazil|Novartis Investigative Site, Salvador, 40050-410, Brazil|Novartis Investigative Site, Santo Andre, 09060-650, Brazil|Novartis Investigative Site, Shumen, 9700, Bulgaria|Novartis Investigative Site, Sofia, 1527, Bulgaria|Novartis Investigative Site, Sofia, 1756, Bulgaria|Novartis Investigative Site, Varna, 9010, Bulgaria|Novartis Investigative Site, Toronto, Ontario, M4N 3M5, Canada|Novartis Investigative Site, Charlottetown, C1A 8T5, Canada|Novartis Investigative Site, Kelowna, V1Y 5L3, Canada|Novartis Investigative Site, London, N6A 4L6, Canada|Novartis Investigative Site, Moncton, E1C 8X3, Canada|Novartis Investigative Site, Regina, S4T 7T1, Canada|Novartis Investigative Site, Sault Ste. Marie, P6A 2C4, Canada|Novartis Investigative Site, Sherbrooke, J1H 5N4, Canada|Novartis Investigative Site, St Catharines, L2R 7C6, Canada|Novartis Investigative Site, Vancouver, V5Z 4E6, Canada|Novartis Investigative Site, Santiago, 7500921, Chile|Novartis Investigative Site, Santiago, 7650635, Chile|Novartis Investigative Site, Santiago, 8360160, Chile|Novartis Investigative Site, Santiago, 8380455, Chile|Novartis Investigative Site, Temuco, 481-0469, Chile|Novartis Investigative Site, Valdivia, 5090145, Chile|Novartis Investigative Site, Valparaiso, 2341131, Chile|Novartis Investigative Site, Vina del Mar, 254-0364, Chile|Novartis Investigative Site, Beijing, 100021, China|Novartis Investigative Site, Beijing, 100071, China|Novartis Investigative Site, Guangzhou, 510060, China|Novartis Investigative Site, Shanghai, 200032, China|Novartis Investigative Site, Tianjin, 300060, China|Novartis Investigative Site, Brno, 625 00, Czechia|Novartis Investigative Site, Brno, 656 53, Czechia|Novartis Investigative Site, Brno, 656 91, Czechia|Novartis Investigative Site, Ceske Budejovice, 370 87, Czechia|Novartis Investigative Site, Chomutov, 43012, Czechia|Novartis Investigative Site, Jihlava, 586 01, Czechia|Novartis Investigative Site, Novy Jicin, 741 01, Czechia|Novartis Investigative Site, Pardubice, 532 03, Czechia|Novartis Investigative Site, Praha 10, 100 34, Czechia|Novartis Investigative Site, Praha 2, 128 08, Czechia|Novartis Investigative Site, Praha 4, 140 59, Czechia|Novartis Investigative Site, Praha 5, 150 08, Czechia|Novartis Investigative Site, Praha 8, 180 00, Czechia|Novartis Investigative Site, Usti nad Labem, 40113, Czechia|Novartis Investigative Site, Aalborg, 9100, Denmark|Novartis Investigative Site, Arhus C, 8000, Denmark|Novartis Investigative Site, Esbjerg, 6700, Denmark|Novartis Investigative Site, Herlev, 2730, Denmark|Novartis Investigative Site, Hilleroed, 3400, Denmark|Novartis Investigative Site, Koebenhavn Oe, 2100, Denmark|Novartis Investigative Site, Naestved, 4700, Denmark|Novartis Investigative Site, Odense, 5000, Denmark|Novartis Investigative Site, Roskilde, 4000, Denmark|Novartis Investigative Site, Vejle, 7100, Denmark|Novartis Investigative Site, Viborg, 8800, Denmark|Novartis Investigative Site, Tallinn, 13419, Estonia|Novartis Investigative Site, Tartu, 51014, Estonia|Novartis Investigative Site, Angers, 49055, France|Novartis Investigative Site, Annecy, 74000, France|Novartis Investigative Site, Avignon, 84000, France|Novartis Investigative Site, Bayonne, 64100, France|Novartis Investigative Site, Bethune, 62400, France|Novartis Investigative Site, Brive La Gaillarde, 19100, France|Novartis Investigative Site, Bron, 69677, France|Novartis Investigative Site, Caen, 14076, France|Novartis Investigative Site, Clermont Ferrand, 63000, France|Novartis Investigative Site, Coudekerque Branche, 59210, France|Novartis Investigative Site, Dijon, 21079, France|Novartis Investigative Site, Draguignan, 83007, France|Novartis Investigative Site, Grenoble, 38028, France|Novartis Investigative Site, Hyeres, 83400, France|Novartis Investigative Site, La Seyne Sur Mer, 83500, France|Novartis Investigative Site, Le Mans, 72000, France|Novartis Investigative Site, Lille, 59000, France|Novartis Investigative Site, Lyon, 69008, France|Novartis Investigative Site, Lyon, 69337, France|Novartis Investigative Site, Marseille, 13273, France|Novartis Investigative Site, Marseille, 13285, France|Novartis Investigative Site, Marseille, 13385, France|Novartis Investigative Site, Metz, 57045, France|Novartis Investigative Site, Mont de Marsan, 40024, France|Novartis Investigative Site, Montbeliard, 25200, France|Novartis Investigative Site, Nancy, 54100, France|Novartis Investigative Site, Nice, 06189, France|Novartis Investigative Site, Nimes, 30029, France|Novartis Investigative Site, Paris, 75248, France|Novartis Investigative Site, Paris, 75475, France|Novartis Investigative Site, Paris, 75674, France|Novartis Investigative Site, Perigueux, 24004, France|Novartis Investigative Site, Perin Sur Mer, 22190, France|Novartis Investigative Site, Perpignan, 66000, France|Novartis Investigative Site, Reims, 51100, France|Novartis Investigative Site, Rouen, 76000, France|Novartis Investigative Site, Rouen, 76038, France|Novartis Investigative Site, Saint Gregoire, 67085, France|Novartis Investigative Site, Saint Jean, 31240, France|Novartis Investigative Site, Saint-Cloud, 92210, France|Novartis Investigative Site, Saint-Herblain, 44805, France|Novartis Investigative Site, Saint-Priest en Jarez, 42271, France|Novartis Investigative Site, Strasbourg, 67000, France|Novartis Investigative Site, Strasbourg, 67085, France|Novartis Investigative Site, Toulouse, 31077, France|Novartis Investigative Site, Toulouse, 31300, France|Novartis Investigative Site, Tours, 37044, France|Novartis Investigative Site, Valenciennes, 59322, France|Novartis Investigative Site, Vandoeuvre-Les-Nancy, 54511, France|Novartis Investigative Site, Villejuif, 94805, France|Novartis Investigative Site, Ansbach, 91522, Germany|Novartis Investigative Site, Aschaffenburg, 63739, Germany|Novartis Investigative Site, Aschersleben, 06449, Germany|Novartis Investigative Site, Aurich, 26603, Germany|Novartis Investigative Site, Bad Oldesloe, 23843, Germany|Novartis Investigative Site, Bad Reichenhall, 83435, Germany|Novartis Investigative Site, Baden-Baden, 76532, Germany|Novartis Investigative Site, Bayreuth, 95445, Germany|Novartis Investigative Site, Bergisch Gladbach, 51465, Germany|Novartis Investigative Site, Berlin, 10117, Germany|Novartis Investigative Site, Berlin, 10317, Germany|Novartis Investigative Site, Berlin, 10367, Germany|Novartis Investigative Site, Berlin, 10967, Germany|Novartis Investigative Site, Berlin, 12559, Germany|Novartis Investigative Site, Berlin, 13125, Germany|Novartis Investigative Site, Berlin, 13589, Germany|Novartis Investigative Site, Berlin, 14169, Germany|Novartis Investigative Site, Berlin, 14197, Germany|Novartis Investigative Site, Bielefeld, 33604, Germany|Novartis Investigative Site, Boeblingen, 71032, Germany|Novartis Investigative Site, Bonn, 53113, Germany|Novartis Investigative Site, Bonn, 53127, Germany|Novartis Investigative Site, Bonn, 53129, Germany|Novartis Investigative Site, Brandenburg, 14770, Germany|Novartis Investigative Site, Braunschweig, 38100, Germany|Novartis Investigative Site, Bremen, 28209, Germany|Novartis Investigative Site, Bremen, 28239, Germany|Novartis Investigative Site, Bremerhaven, 27574, Germany|Novartis Investigative Site, Chemnitz, 09116, Germany|Novartis Investigative Site, Coburg, 96450, Germany|Novartis Investigative Site, Cuxhaven, 27474, Germany|Novartis Investigative Site, Dachau, 85221, Germany|Novartis Investigative Site, Deggendorf, 94469, Germany|Novartis Investigative Site, Donauwoerth, 86609, Germany|Novartis Investigative Site, Dresden, 01127, Germany|Novartis Investigative Site, Dresden, 01307, Germany|Novartis Investigative Site, Duesseldorf, 40225, Germany|Novartis Investigative Site, Duesseldorf, 40325, Germany|Novartis Investigative Site, Duisburg, 47166, Germany|Novartis Investigative Site, Eggenfelden, 84307, Germany|Novartis Investigative Site, Erfurt, 99085, Germany|Novartis Investigative Site, Erlangen, 91054, Germany|Novartis Investigative Site, Eschweiler, 52249, Germany|Novartis Investigative Site, Essen, 45122, Germany|Novartis Investigative Site, Essen, 45130, Germany|Novartis Investigative Site, Essen, 45136, Germany|Novartis Investigative Site, Esslingen, 73730, Germany|Novartis Investigative Site, Flensburg, 24939, Germany|Novartis Investigative Site, Frankfurt am Main, 60590, Germany|Novartis Investigative Site, Frankfurt, 60389, Germany|Novartis Investigative Site, Frankfurt, 60596, Germany|Novartis Investigative Site, Frankfurt, 65929, Germany|Novartis Investigative Site, Freiburg, 79106, Germany|Novartis Investigative Site, Friedrichshafen, 88048, Germany|Novartis Investigative Site, Fuerstenwalde, 15517, Germany|Novartis Investigative Site, Fuerth, 90766, Germany|Novartis Investigative Site, Garmisch-Partenkirchen, 82467, Germany|Novartis Investigative Site, Georgsmarienhuette, 49124, Germany|Novartis Investigative Site, Gera, 07548, Germany|Novartis Investigative Site, Goeppingen, 73035, Germany|Novartis Investigative Site, Goettingen, 37075, Germany|Novartis Investigative Site, Goslar, 38642, Germany|Novartis Investigative Site, Greifswald, 17487, Germany|Novartis Investigative Site, Guestrow, 18273, Germany|Novartis Investigative Site, Gummersbach, 51643, Germany|Novartis Investigative Site, Halle, 06110, Germany|Novartis Investigative Site, Halle, 06120, Germany|Novartis Investigative Site, Hamburg, 20246, Germany|Novartis Investigative Site, Hamburg, 20259, Germany|Novartis Investigative Site, Hamburg, 20357, Germany|Novartis Investigative Site, Hamburg, 22081, Germany|Novartis Investigative Site, Hamburg, 22359, Germany|Novartis Investigative Site, Hamburg, 22457, Germany|Novartis Investigative Site, Hameln, 31785, Germany|Novartis Investigative Site, Hamm-Heessen, 59073, Germany|Novartis Investigative Site, Hannover, 30177, Germany|Novartis Investigative Site, Hannover, 30559, Germany|Novartis Investigative Site, Heidelberg, 69115, Germany|Novartis Investigative Site, Heidelberg, 69120, Germany|Novartis Investigative Site, Heide, 25746, Germany|Novartis Investigative Site, Herne, 44623, Germany|Novartis Investigative Site, Homburg, 66421, Germany|Novartis Investigative Site, Hoyerswerda, 02977, Germany|Novartis Investigative Site, Itzehoe, 25524, Germany|Novartis Investigative Site, Jena, 07743, Germany|Novartis Investigative Site, Karlsruhe, 76135, Germany|Novartis Investigative Site, Karlsruhe, 76199, Germany|Novartis Investigative Site, Kassel, 34117, Germany|Novartis Investigative Site, Kassel, 34125, Germany|Novartis Investigative Site, Kempten, 87439, Germany|Novartis Investigative Site, Kiel, 24103, Germany|Novartis Investigative Site, Kiel, 24105, Germany|Novartis Investigative Site, Koeln, 50677, Germany|Novartis Investigative Site, Koeln, 50935, Germany|Novartis Investigative Site, Koeln, 50937, Germany|Novartis Investigative Site, Konstanz, 78464, Germany|Novartis Investigative Site, Landshut, 84034, Germany|Novartis Investigative Site, Landshut, 84036, Germany|Novartis Investigative Site, Landstuhl, 66849, Germany|Novartis Investigative Site, Leer, 26789, Germany|Novartis Investigative Site, Leipzig, 04129, Germany|Novartis Investigative Site, Leipzig, 04277, Germany|Novartis Investigative Site, Leverkusen, 51375, Germany|Novartis Investigative Site, Limburg, 65549, Germany|Novartis Investigative Site, Loerrach, 79539, Germany|Novartis Investigative Site, Luckenwalde, 14943, Germany|Novartis Investigative Site, Ludwigsburg, 71640, Germany|Novartis Investigative Site, Ludwigsfelde, 14974, Germany|Novartis Investigative Site, Ludwigshafen, 67063, Germany|Novartis Investigative Site, Luebeck, 23538, Germany|Novartis Investigative Site, Magdeburg, 39130, Germany|Novartis Investigative Site, Mainz, 55131, Germany|Novartis Investigative Site, Mannheim, 68165, Germany|Novartis Investigative Site, Mannheim, 68167, Germany|Novartis Investigative Site, Marktredwitz, 95615, Germany|Novartis Investigative Site, Meiningen, 98617, Germany|Novartis Investigative Site, Memmingen, 87700, Germany|Novartis Investigative Site, Minden, 32429, Germany|Novartis Investigative Site, Moenchengladbach, 41061, Germany|Novartis Investigative Site, Muehlhausen, 99974, Germany|Novartis Investigative Site, Muenchen, 80335, Germany|Novartis Investigative Site, Muenchen, 81675, Germany|Novartis Investigative Site, Muenchen, 81925, Germany|Novartis Investigative Site, Muenster, 48149, Germany|Novartis Investigative Site, Munchen, 80638, Germany|Novartis Investigative Site, Mutlangen, 73557, Germany|Novartis Investigative Site, Neumuenster, 24534, Germany|Novartis Investigative Site, Neunkirchen, 66539, Germany|Novartis Investigative Site, Nuernberg, 90491, Germany|Novartis Investigative Site, Offenbach, 63069, Germany|Novartis Investigative Site, Oldenburg, 26121, Germany|Novartis Investigative Site, Oldenburg, 26133, Germany|Novartis Investigative Site, Olpe, 57462, Germany|Novartis Investigative Site, Osnabrueck, 49074, Germany|Novartis Investigative Site, Ostfildern, 73760, Germany|Novartis Investigative Site, Porta Westfalica, 32457, Germany|Novartis Investigative Site, Radebeul, 01445, Germany|Novartis Investigative Site, Ravensburg, 88212, Germany|Novartis Investigative Site, Rendsburg, 24768, Germany|Novartis Investigative Site, Reutlingen, 72764, Germany|Novartis Investigative Site, Rheinfelden, 79618, Germany|Novartis Investigative Site, Rodewisch, 08228, Germany|Novartis Investigative Site, Rosenheim, 83022, Germany|Novartis Investigative Site, Rostock, 18059, Germany|Novartis Investigative Site, Rotenburg, 27356, Germany|Novartis Investigative Site, Saarbruecken, 66113, Germany|Novartis Investigative Site, Schkeuditz, 04435, Germany|Novartis Investigative Site, Schwaebisch Hall, 74523, Germany|Novartis Investigative Site, Sigmaringen, 72488, Germany|Novartis Investigative Site, Stade, 21680, Germany|Novartis Investigative Site, Stadthagen, 31655, Germany|Novartis Investigative Site, Stendal, 39576, Germany|Novartis Investigative Site, Stralsund, 18435, Germany|Novartis Investigative Site, Stuttgart, 70174, Germany|Novartis Investigative Site, Stuttgart, 70376, Germany|Novartis Investigative Site, Torgau, 04860, Germany|Novartis Investigative Site, Trier, 54290, Germany|Novartis Investigative Site, Troisdorf, 53840, Germany|Novartis Investigative Site, Tuebingen, 72076, Germany|Novartis Investigative Site, Ulm, 89075, Germany|Novartis Investigative Site, Vechta, 49377, Germany|Novartis Investigative Site, Velbert, 42551, Germany|Novartis Investigative Site, Villingen-Schwenningen, 78050, Germany|Novartis Investigative Site, Weissenfels, 06667, Germany|Novartis Investigative Site, Wesel, 46485, Germany|Novartis Investigative Site, Westerstede, 26655, Germany|Novartis Investigative Site, Wiesbaden, 65189, Germany|Novartis Investigative Site, Wiesbaden, 65191, Germany|Novartis Investigative Site, Wiesbaden, 65199, Germany|Novartis Investigative Site, Witten, 58452, Germany|Novartis Investigative Site, Wuerselen, 52146, Germany|Novartis Investigative Site, Wuerzburg, 97080, Germany|Novartis Investigative Site, Wuppertal, 42105, Germany|Novartis Investigative Site, Wuppertal, 42283, Germany|Novartis Investigative Site, Zittau, 02763, Germany|Novartis Investigative Site, Zwickau, 08060, Germany|Novartis Investigative Site, Athens, 11522, Greece|Novartis Investigative Site, Athens, 11527, Greece|Novartis Investigative Site, Athens, 15123, Greece|Novartis Investigative Site, Athens, 18547, Greece|Novartis Investigative Site, Heraklion, 71110, Greece|Novartis Investigative Site, Patra, 26504, Greece|Novartis Investigative Site, Thessaloniki, 546 45, Greece|Novartis Investigative Site, Kowloon, Hong Kong|Novartis Investigative Site, Tuen Mun, Hong Kong|Novartis Investigative Site, Budapest, 1032, Hungary|Novartis Investigative Site, Budapest, 1082, Hungary|Novartis Investigative Site, Budapest, 1122, Hungary|Novartis Investigative Site, Budapest, 1145, Hungary|Novartis Investigative Site, Gyor, 9023, Hungary|Novartis Investigative Site, Szeged, 6720, Hungary|Novartis Investigative Site, Gurgaon, 122002, India|Novartis Investigative Site, Hyderabad, 500082, India|Novartis Investigative Site, Kolkatta, 700016, India|Novartis Investigative Site, Mumbai, 400012, India|Novartis Investigative Site, Nagpur, 440010, India|Novartis Investigative Site, New Delhi, 110029, India|Novartis Investigative Site, New Delhi, 110076, India|Novartis Investigative Site, Trivandrum, 695011, India|Novartis Investigative Site, Cork, Ireland|Novartis Investigative Site, Dublin, 24, Ireland|Novartis Investigative Site, Dublin, 7, Ireland|Novartis Investigative Site, Dublin, 8, Ireland|Novartis Investigative Site, Dublin, 9, Ireland|Novartis Investigative Site, Galway, Ireland|Novartis Investigative Site, Beer-Sheva, 84101, Israel|Novartis Investigative Site, Haifa, 31096, Israel|Novartis Investigative Site, Holon, 58100, Israel|Novartis Investigative Site, Jerusalem, 91031, Israel|Novartis Investigative Site, Netanya, 52621, Israel|Novartis Investigative Site, Ramat Gan, 52621, Israel|Novartis Investigative Site, Tel Aviv, 64239, Israel|Novartis Investigative Site, Zrifin, 70300, Israel|Novartis Investigative Site, Asti, 14100, Italy|Novartis Investigative Site, Avellino, 83100, Italy|Novartis Investigative Site, Aviano, 33081, Italy|Novartis Investigative Site, Bergamo, 24127, Italy|Novartis Investigative Site, Biella, 13900, Italy|Novartis Investigative Site, Brescia, 25123, Italy|Novartis Investigative Site, Brescia, 25124, Italy|Novartis Investigative Site, Brindisi, 72100, Italy|Novartis Investigative Site, Candiolo, 10060, Italy|Novartis Investigative Site, Carpi, 41012, Italy|Novartis Investigative Site, Cosenza, 87100, Italy|Novartis Investigative Site, Cremona, 26100, Italy|Novartis Investigative Site, Fano, 61032, Italy|Novartis Investigative Site, Fermo, 63023, Italy|Novartis Investigative Site, Firenze, 50134, Italy|Novartis Investigative Site, Genova, 16132, Italy|Novartis Investigative Site, Lecce, 73100, Italy|Novartis Investigative Site, Lecco, 23900, Italy|Novartis Investigative Site, Lido di Camaiore, 55043, Italy|Novartis Investigative Site, Livorno, 57123, Italy|Novartis Investigative Site, Mantova, 46100, Italy|Novartis Investigative Site, Meldola, 47014, Italy|Novartis Investigative Site, Milano, 20142, Italy|Novartis Investigative Site, Milano, 20162, Italy|Novartis Investigative Site, Monserrato, 09042, Italy|Novartis Investigative Site, Monza, 20052, Italy|Novartis Investigative Site, Pavia, 27100, Italy|Novartis Investigative Site, Poggibonsi, 53036, Italy|Novartis Investigative Site, Potenza, 85100, Italy|Novartis Investigative Site, Prato, 59100, Italy|Novartis Investigative Site, Ragusa, 97100, Italy|Novartis Investigative Site, Ravenna, 48100, Italy|Novartis Investigative Site, Rimini, 47900, Italy|Novartis Investigative Site, Rozzano, 20089, Italy|Novartis Investigative Site, San Fermo della Battaglia, 22020, Italy|Novartis Investigative Site, Saronno, 21047, Italy|Novartis Investigative Site, Sassari, 07100, Italy|Novartis Investigative Site, Trento, 38122, Italy|Novartis Investigative Site, Treviglio, 24027, Italy|Novartis Investigative Site, Udine, 33100, Italy|Novartis Investigative Site, Varese, 21100, Italy|Novartis Investigative Site, Viterbo, 01100, Italy|Novartis Investigative Site, Aichi, 464-8681, Japan|Novartis Investigative Site, Chiba, 277-8577, Japan|Novartis Investigative Site, Ehime, 791-0280, Japan|Novartis Investigative Site, Fukuoka, 811-1395, Japan|Novartis Investigative Site, Ibaraki, 305-8576, Japan|Novartis Investigative Site, Kanagawa, 259-1143, Japan|Novartis Investigative Site, Kyoto, 606-8507, Japan|Novartis Investigative Site, Osaka, 530-8480, Japan|Novartis Investigative Site, Osaka, 540-0006, Japan|Novartis Investigative Site, Saitama, 350-1298, Japan|Novartis Investigative Site, Tokyo, 101-8643, Japan|Novartis Investigative Site, Tokyo, 104-0045, Japan|Novartis Investigative Site, Tokyo, 104-8560, Japan|Novartis Investigative Site, Tokyo, 113-8677, Japan|Novartis Investigative Site, Tokyo, 135-8550, Japan|Novartis Investigative Site, Gyeonggi-do, 10408, Korea, Republic of|Novartis Investigative Site, Gyeonggi-do, 443-380, Korea, Republic of|Novartis Investigative Site, Incheon, 400-711, Korea, Republic of|Novartis Investigative Site, Seoul, 003722, Korea, Republic of|Novartis Investigative Site, Seoul, 03080, Korea, Republic of|Novartis Investigative Site, Seoul, 06351, Korea, Republic of|Novartis Investigative Site, Seoul, 138-736, Korea, Republic of|Novartis Investigative Site, Chihuahua, 31000, Mexico|Novartis Investigative Site, Mexico City, 14080, Mexico|Novartis Investigative Site, Mexico, 11000, Mexico|Novartis Investigative Site, Toluca, 50080, Mexico|Novartis Investigative Site, Amsterdam, 1081 HV, Netherlands|Novartis Investigative Site, Arnhem, 6815 AD, Netherlands|Novartis Investigative Site, Delft, 2625 AD, Netherlands|Novartis Investigative Site, Den Haag, 2512 VA, Netherlands|Novartis Investigative Site, Den Haag, 2545 CH, Netherlands|Novartis Investigative Site, Eindhoven, 5623 EJ, Netherlands|Novartis Investigative Site, Gouda, 2803 HH, Netherlands|Novartis Investigative Site, Hilversum, 1213 XZ, Netherlands|Novartis Investigative Site, Hoogeveen, 7909 AA, Netherlands|Novartis Investigative Site, Leeuwarden, 8934 AD, Netherlands|Novartis Investigative Site, Leiden, 2333 ZA, Netherlands|Novartis Investigative Site, Leidschendam, 2262 BA, Netherlands|Novartis Investigative Site, Purmerend, 1441 RN, Netherlands|Novartis Investigative Site, Rotterdam, 3083 AN, Netherlands|Novartis Investigative Site, Sittard-Geleen, 6162 BG, Netherlands|Novartis Investigative Site, Tilburg, 5022 GC, Netherlands|Novartis Investigative Site, Utrecht, 3582 KE, Netherlands|Novartis Investigative Site, Hamilton, 2001, New Zealand|Novartis Investigative Site, Palmerston North, 4414, New Zealand|Novartis Investigative Site, Wellington, 6021, New Zealand|Novartis Investigative Site, Oslo, 0310, Norway|Novartis Investigative Site, Oslo, 0407, Norway|Novartis Investigative Site, Tromso, 9038, Norway|Novartis Investigative Site, Karachi, 74800, Pakistan|Novartis Investigative Site, Karachi, Pakistan|Novartis Investigative Site, Lahore, 53400, Pakistan|Novartis Investigative Site, Lahore, 54600, Pakistan|Novartis Investigative Site, Rawalpindi, 1590, Pakistan|Novartis Investigative Site, Callao, Callao 2, Peru|Novartis Investigative Site, Lima, 11, Peru|Novartis Investigative Site, Lima, 13, Peru|Novartis Investigative Site, Lima, 34, Peru|Novartis Investigative Site, Cebu, 6000, Philippines|Novartis Investigative Site, Quezon City, 1102, Philippines|Novartis Investigative Site, Sampaloc, 1008, Philippines|Novartis Investigative Site, San Juan, 1502, Philippines|Novartis Investigative Site, Bydgoszcz, 85-796, Poland|Novartis Investigative Site, Gdansk, 80-210, Poland|Novartis Investigative Site, Gdansk, 80-214, Poland|Novartis Investigative Site, Gliwice, 44-101, Poland|Novartis Investigative Site, Krakow, 31-115, Poland|Novartis Investigative Site, Olsztyn, 10-226, Poland|Novartis Investigative Site, Olsztyn, 10-228, Poland|Novartis Investigative Site, Opole, 45-060, Poland|Novartis Investigative Site, Rzeszow, 35-021, Poland|Novartis Investigative Site, Szczecin, 71-730, Poland|Novartis Investigative Site, Warszawa, 02-781, Poland|Novartis Investigative Site, Wroclaw, 53-413, Poland|Novartis Investigative Site, Bucharest, 022328, Romania|Novartis Investigative Site, Bucharest, 050098, Romania|Novartis Investigative Site, Bucuresti, 022328, Romania|Novartis Investigative Site, Cluj-Napoca, 400015, Romania|Novartis Investigative Site, Iasi, 700106, Romania|Novartis Investigative Site, Arkhangelsk, 163045, Russian Federation|Novartis Investigative Site, Chelyabinsk, 454087, Russian Federation|Novartis Investigative Site, Irkutsk, 664035, Russian Federation|Novartis Investigative Site, Kazan, 420029, Russian Federation|Novartis Investigative Site, Kirov, 610021, Russian Federation|Novartis Investigative Site, Moscow, 115478, Russian Federation|Novartis Investigative Site, Moscow, 121359, Russian Federation|Novartis Investigative Site, Novosibirsk, 630047, Russian Federation|Novartis Investigative Site, Omsk, 644013, Russian Federation|Novartis Investigative Site, Orenburg, 460021, Russian Federation|Novartis Investigative Site, Ryazan, 390011, Russian Federation|Novartis Investigative Site, Samara, 443031, Russian Federation|Novartis Investigative Site, St. Petersburg, 197022, Russian Federation|Novartis Investigative Site, St. Petersburg, 197758, Russian Federation|Novartis Investigative Site, Voronezh, 394062, Russian Federation|Novartis Investigative Site, Singapore, 119082, Singapore|Novartis Investigative Site, Bratislava, 812 50, Slovakia|Novartis Investigative Site, Bratislava, 833 10, Slovakia|Novartis Investigative Site, Kosice, 041 91, Slovakia|Novartis Investigative Site, Poprad, 058 01, Slovakia|Novartis Investigative Site, Zilina, 010 01, Slovakia|Novartis Investigative Site, Ljubljana, 1000, Slovenia|Novartis Investigative Site, Capital Park, 0002, South Africa|Novartis Investigative Site, Groenkloof, 0081, South Africa|Novartis Investigative Site, Johannesburg, 2199, South Africa|Novartis Investigative Site, Observatory, 7925, South Africa|Novartis Investigative Site, Panorama, 7500, South Africa|Novartis Investigative Site, Parktown, 2193, South Africa|Novartis Investigative Site, Pretoria, 0081, South Africa|Novartis Investigative Site, Alcoy, 03804, Spain|Novartis Investigative Site, Barcelona, 08035, Spain|Novartis Investigative Site, Barcelona, 08907, Spain|Novartis Investigative Site, Burgos, 09006, Spain|Novartis Investigative Site, Cadiz, 11009, Spain|Novartis Investigative Site, Castellon, 12002, Spain|Novartis Investigative Site, Cordoba, 14004, Spain|Novartis Investigative Site, Elda, 03600, Spain|Novartis Investigative Site, Granada, 18014, Spain|Novartis Investigative Site, Lerida, 25198, Spain|Novartis Investigative Site, Lugo, 27003, Spain|Novartis Investigative Site, Madrid, 28006, Spain|Novartis Investigative Site, Madrid, 28007, Spain|Novartis Investigative Site, Madrid, 28033, Spain|Novartis Investigative Site, Madrid, 28041, Spain|Novartis Investigative Site, Madrid, 28046, Spain|Novartis Investigative Site, Madrid, 28460, Spain|Novartis Investigative Site, Malaga, 29010, Spain|Novartis Investigative Site, Mataro, 08034, Spain|Novartis Investigative Site, Mostoles, 28460, Spain|Novartis Investigative Site, Murcia, 30008, Spain|Novartis Investigative Site, Palma de Mallorca, 07010, Spain|Novartis Investigative Site, Palma de Mallorca, 07198, Spain|Novartis Investigative Site, Pamplona, 31008, Spain|Novartis Investigative Site, Salamanca, 37007, Spain|Novartis Investigative Site, San Sebastian, 20014, Spain|Novartis Investigative Site, Santa Cruz de Tenerife, 38320, Spain|Novartis Investigative Site, Santander, 39008, Spain|Novartis Investigative Site, Santiago, 15705, Spain|Novartis Investigative Site, Segovia, 40002, Spain|Novartis Investigative Site, Sevilla, 41009, Spain|Novartis Investigative Site, Sevilla, 41014, Spain|Novartis Investigative Site, Tarrasa, Barcelona, 08221, Spain|Novartis Investigative Site, Toledo, 45004, Spain|Novartis Investigative Site, Valencia, 46014, Spain|Novartis Investigative Site, Vizcaya, 48903, Spain|Novartis Investigative Site, Zamora, Spain|Novartis Investigative Site, Aarau, 5001, Switzerland|Novartis Investigative Site, Basel, 4031, Switzerland|Novartis Investigative Site, Bellinzona, 6500, Switzerland|Novartis Investigative Site, Chur, 7000, Switzerland|Novartis Investigative Site, Lausanne, 1005, Switzerland|Novartis Investigative Site, Locarno, 6600, Switzerland|Novartis Investigative Site, St Gallen, 9007, Switzerland|Novartis Investigative Site, Thun, 3600, Switzerland|Novartis Investigative Site, Zuerich, 8091, Switzerland|Novartis Investigative Site, Zurich, 8008, Switzerland|Novartis Investigative Site, Kaohsiung, 807, Taiwan|Novartis Investigative Site, Taichung, 404, Taiwan|Novartis Investigative Site, Tainan County, 736, Taiwan|Novartis Investigative Site, Taipei, 100, Taiwan|Novartis Investigative Site, Taipei, 104, Taiwan|Novartis Investigative Site, Taipei, 105, Taiwan|Novartis Investigative Site, Taipei, 112, Taiwan|Novartis Investigative Site, Taipei, 114, Taiwan|Novartis Investigative Site, Bangkok, 10330, Thailand|Novartis Investigative Site, Bangkok, 10400, Thailand|Novartis Investigative Site, Bangkok, 10700, Thailand|Novartis Investigative Site, Chiangmai, 50200, Thailand|Novartis Investigative Site, Khon Kaen, 40002, Thailand|Novartis Investigative Site, Phitsanulok, 65000, Thailand|Novartis Investigative Site, Songkhla, 90110, Thailand|Novartis Investigative Site, Chernivtsi, 58013, Ukraine|Novartis Investigative Site, Donetsk, 83092, Ukraine|Novartis Investigative Site, Kharkiv, 61024, Ukraine|Novartis Investigative Site, Kyiv, 03115, Ukraine|Novartis Investigative Site, Lviv, 79031, Ukraine|Novartis Investigative Site, Simferopol, 95023, Ukraine|Novartis Investigative Site, Uzhgorod, 88014, Ukraine|Novartis Investigative Site, Uzhorod, 88000, Ukraine|Novartis Investigative Site, Canterbury, Kent, CT1 3NG, United Kingdom|Novartis Investigative Site, Blackpool, FY3 8NR, United Kingdom|Novartis Investigative Site, Bournemouth, BH7 7DW, United Kingdom|Novartis Investigative Site, Brighton, BN2 5BE, United Kingdom|Novartis Investigative Site, Cardiff, CF14 2TL, United Kingdom|Novartis Investigative Site, Chelmsford, CM1 7ET, United Kingdom|Novartis Investigative Site, Cheltenham, GL53 7AN, United Kingdom|Novartis Investigative Site, Cottingham, HU16 5JQ, United Kingdom|Novartis Investigative Site, Dorchester, DT1 2JY, United Kingdom|Novartis Investigative Site, Edinburgh, EH4 2XU, United Kingdom|Novartis Investigative Site, Exeter, EX2 5DW, United Kingdom|Novartis Investigative Site, Grimsby, DN33 2BA, United Kingdom|Novartis Investigative Site, Guildford, GU2 7XX, United Kingdom|Novartis Investigative Site, Gwynedd, LL57 2PW, United Kingdom|Novartis Investigative Site, Huddersfield, HD3 3EA, United Kingdom|Novartis Investigative Site, Ipswich, IP4 5PD, United Kingdom|Novartis Investigative Site, Lancaster, LA1 4RP, United Kingdom|Novartis Investigative Site, Leeds, LS9 7TF, United Kingdom|Novartis Investigative Site, Liverpool, L7 8XP, United Kingdom|Novartis Investigative Site, London, EC1A 7BE, United Kingdom|Novartis Investigative Site, London, NW1 2PG, United Kingdom|Novartis Investigative Site, London, SW17 0QT, United Kingdom|Novartis Investigative Site, London, W2 1NY, United Kingdom|Novartis Investigative Site, London, W6 8RF, United Kingdom|Novartis Investigative Site, Maidstone, ME16 9QQ, United Kingdom|Novartis Investigative Site, Manchester, M20 4BX, United Kingdom|Novartis Investigative Site, Newcastle upon Tyne, NE7 7DN, United Kingdom|Novartis Investigative Site, Northwood, HA6 2RN, United Kingdom|Novartis Investigative Site, Nottingham, NG5 1PB, United Kingdom|Novartis Investigative Site, Oxford, OX3 7LJ, United Kingdom|Novartis Investigative Site, Plymouth, PL6 8DH, United Kingdom|Novartis Investigative Site, Poole, BH15 2JB, United Kingdom|Novartis Investigative Site, Portsmouth, PO6 3LY, United Kingdom|Novartis Investigative Site, Preston, PR2 9HT, United Kingdom|Novartis Investigative Site, Prittlewell Chase, SS0 0RY, United Kingdom|Novartis Investigative Site, Romford, RM7 0AG, United Kingdom|Novartis Investigative Site, Sheffield, S10 2SJ, United Kingdom|Novartis Investigative Site, Shrewsbury, SY3 8XQ, United Kingdom|Novartis Investigative Site, St Helens, WA9 3DA, United Kingdom|Novartis Investigative Site, Stoke on Trent, ST4 6QG, United Kingdom|Novartis Investigative Site, Sutton, SM2 5PT, United Kingdom|Novartis Investigative Site, Swansea, SA2 8QA, United Kingdom|Novartis Investigative Site, Worthing, BN11 2DH, United Kingdom",
