NCT Number,Study Title,Study URL,Acronym,Study Status,Brief Summary,Study Results,Conditions,Interventions,Primary Outcome Measures,Secondary Outcome Measures,Other Outcome Measures,Sponsor,Collaborators,Sex,Age,Phases,Enrollment,Funder Type,Study Type,Study Design,Other IDs,Start Date,Primary Completion Date,Completion Date,First Posted,Results First Posted,Last Update Posted,Locations,Study Documents
NCT02231749,Nivolumab Combined With Ipilimumab Versus Sunitinib in Previously Untreated Advanced or Metastatic Renal Cell Carcinoma (CheckMate 214),https://clinicaltrials.gov/study/NCT02231749,,ACTIVE_NOT_RECRUITING,"The purpose of this study is to compare the objective response rate, progression free survival and the overall survival of Nivolumab combined with Ipilimumab to Sunitinib monotherapy in patients with previously untreated Renal Cell Cancer.",YES,Advanced Renal Cell Carcinoma|Metastatic Renal Cell Carcinoma,BIOLOGICAL: Nivolumab|BIOLOGICAL: Ipilimumab|DRUG: Sunitinib,"Investigator-assessed Objective Response Rate(ORR) in Intermediate/Poor Risk Participants Per IRRC Using RECIST v1.1, ORR was defined as the proportion of randomized subjects who achieved a best response of complete response (CR) or partial response (PR) using the RECIST v1.1 criteria based on IRRC assessment. Per Response Evaluation Criteria In Solid Tumors Criteria (RECIST v1.0) for target lesions and assessed by MRI: Complete Response (CR), Disappearance of all target lesions; Partial Response (PR), greater than or equal to 30% decrease in the sum of the longest diameter of target lesions; Overall Response (OR) = CR + PR, From first dose until date of documented disease progression or subsequent therapy, whichever occurs first (assessed up to June 2017, approximately 31 months)|Overall Survival (OS) in Intermediate/Poor-Risk Participants With Previously Untreated Metastatic Renal Cell Carcinoma (mRCC), OS was defined as the time from randomization to the date of death from any cause. Survival time was censored at the date of last contact (""last known alive date"") for subjects who were alive., From the date of randomization to the date of death (assessed up to June 2017, approximately 31 months)|Progression-Free Survival (PFS) in Intermediate/Poor-Risk Participants With Previously Untreated Metastatic Renal Cell Carcinoma (mRCC), PFS was defined as the time between the date of randomization and the first date of documented progression, as determined by the IRRC (as per RECIST 1.1 criteria), or death due to any cause, whichever occurred first. Subsequent therapy included anticancer therapy, tumor directed radiotherapy, or tumor directed surgery. Subjects who died without a reported progression were considered to have progressed on the date of their death., From date of first dose to date of documented disease progression or death due to any cause, whichever occurs first (assessed up to June 2017, approximately 31 months)","Investigator-assessed Objective Response Rate(ORR) in Any Risk Participants Per IRRC Using RECIST v1.1, ORR was defined as the proportion of randomized subjects who achieved a best response of complete response (CR) or partial response (PR) using the RECIST v1.1 criteria based on IRRC assessment. Per Response Evaluation Criteria In Solid Tumors Criteria (RECIST v1.0) for target lesions and assessed by MRI: Complete Response (CR), Disappearance of all target lesions; Partial Response (PR), greater than or equal to 30% decrease in the sum of the longest diameter of target lesions; Overall Response (OR) = CR + PR, From first dose until date of documented disease progression or subsequent therapy, whichever occurs first (assessed up to June 2017, approximately 31 months)|Overall Survival (OS) in Any Risk Participants With Previously Untreated Metastatic Renal Cell Carcinoma (mRCC), Overall survival is defined as the time from randomization to the date of death from any cause. For subjects that are alive, their survival time will be censored at the date of last contact (""last known alive date""). Overall survival will be censored for subjects at the date of randomization if they were randomized but had no follow-up. Survival follow-up will be conducted every 3 months after subject's off-treatment date., From the date of randomization to the date of death (assessed up to June 2017, approximately 31 months)|Progression-Free Survival (PFS) in Any Risk Participants With Previously Untreated Metastatic Renal Cell Carcinoma (mRCC), PFS was defined as the time between the date of randomization and the first date of documented progression, as determined by the IRRC (as per RECIST 1.1 criteria), or death due to any cause, whichever occurred first. Subsequent therapy included anticancer therapy, tumor directed radiotherapy, or tumor directed surgery. Subjects who died without a reported progression were considered to have progressed on the date of their death., From date of first dose to date of documented disease progression or death due to any cause, whichever occurs first (assessed up to June 2017, approximately 31 months)",,Bristol-Myers Squibb,Ono Pharmaceutical Co. Ltd,ALL,"ADULT, OLDER_ADULT",PHASE3,1390,INDUSTRY,INTERVENTIONAL,Allocation: RANDOMIZED|Intervention Model: PARALLEL|Masking: NONE|Primary Purpose: TREATMENT,CA209-214|2014-001750-42,2014-10-16,2017-06-26,2027-08-07,2014-09-04,2018-10-16,2023-11-15,"Local Institution - 0006, Duarte, California, 91010, United States|Local Institution - 0057, La Jolla, California, 92093-0698, United States|Local Institution - 0044, Los Angeles, California, 90033, United States|Local Institution - 0035, Los Angeles, California, 90048, United States|Local Institution - 0067, Stanford, California, 94305, United States|Local Institution - 0138, New Haven, Connecticut, 06520, United States|Local Institution - 0034, Washington, District of Columbia, 20007, United States|Local Institution - 0049, Tampa, Florida, 33612, United States|Local Institution - 0068, Atlanta, Georgia, 30322, United States|Local Institution - 0038, Indianapolis, Indiana, 46202, United States|Local Institution - 0042, Iowa City, Iowa, 52242, United States|Local Institution - 0163, Fairway, Kansas, 66205, United States|Local Institution - 0048, Baltimore, Maryland, 21201, United States|Local Institution - 0004, Baltimore, Maryland, 21287, United States|Local Institution - 0135, Boston, Massachusetts, 02111, United States|Local Institution - 0110, Boston, Massachusetts, 02215, United States|Local Institution - 0161, Boston, Massachusetts, 02215, United States|Local Institution - 0173, Boston, Massachusetts, 02215, United States|Local Institution - 0046, Ann Arbor, Michigan, 48109, United States|Local Institution - 0043, Detroit, Michigan, 48201, United States|Local Institution - 0036, Buffalo, New York, 14263, United States|Local Institution - 0001, New York, New York, 10065, United States|Local Institution - 0008, Charlotte, North Carolina, 28204, United States|Local Institution - 0045, Durham, North Carolina, 27710, United States|Local Institution - 0007, Cleveland, Ohio, 44195, United States|Local Institution - 0164, Columbus, Ohio, 43210, United States|Local Institution - 0039, Portland, Oregon, 97239, United States|Local Institution - 0054, Allentown, Pennsylvania, 18105, United States|Local Institution - 0005, Philadelphia, Pennsylvania, 19111, United States|Local Institution - 0031, Pittsburgh, Pennsylvania, 15232, United States|Local Institution - 0055, Charleston, South Carolina, 29425, United States|Local Institution - 0159, Chattanooga, Tennessee, 37403, United States|Local Institution - 0066, Nashville, Tennessee, 37203, United States|Local Institution - 0056, Dallas, Texas, 75246, United States|Local Institution - 0032, Dallas, Texas, 75390-8852, United States|Local Institution - 0003, Houston, Texas, 77030-4009, United States|Local Institution - 0041, Seattle, Washington, 98109, United States|Local Institution - 0099, Berazategui, Buenos Aires, 1880, Argentina|Local Institution - 0098, Capital Federal, Buenos Aires, 1431, Argentina|Local Institution - 0139, Ciudad Autonoma De Buenos Aire, Buenos Aires, 1181, Argentina|Local Institution - 0095, San Miguel De Tucuman, Tucuman, 4000, Argentina|Local Institution - 0096, San Miguel de Tucuman, Tucuman, 4000, Argentina|Local Institution - 0097, Caba, 1426, Argentina|Local Institution - 0100, Cordoba, 5000, Argentina|Local Institution - 0073, Kogarah, New South Wales, 2217, Australia|Local Institution - 0070, Westmead, New South Wales, 2145, Australia|Local Institution - 0076, Herston, Queensland, 4029, Australia|Local Institution - 0075, Southport, Queensland, 4215, Australia|Local Institution - 0140, Elizabeth Vale, South Australia, 5112, Australia|Local Institution - 0072, Box Hill, Victoria, 3128, Australia|Local Institution - 0071, Clayton, Victoria, 3168, Australia|Local Institution - 0104, Nedlands, Western Australia, 6009, Australia|Local Institution - 0074, Murdoch, 6150, Australia|Local Institution - 0108, Linz, 4020, Austria|Local Institution - 0107, Wels, 4600, Austria|Local Institution - 0109, Wien, 1090, Austria|Local Institution - 0020, Gent, 9000, Belgium|Local Institution - 0019, Leuven, 3000, Belgium|Local Institution - 0152, Belo Horizonte, Minas Gerais, 30130-090, Brazil|Local Institution - 0150, Porto Alegre, RIO Grande DO SUL, 90035-903, Brazil|Local Institution - 0151, Porto Alegre, Rio Grande Do Sul, 91610-000, Brazil|Local Institution - 0153, Sao Paulo, São Paulo, 01321-001, Brazil|Local Institution - 0157, Rio de Janeiro, 20793-080, Brazil|Local Institution - 0155, Sao Paulo, 01406-100, Brazil|Local Institution - 0156, Sao Paulo, 01509-010, Brazil|Local Institution - 0149, Calgary, Alberta, T2N 4N2, Canada|Local Institution - 0133, Edmonton, Alberta, T6G 1Z2, Canada|Local Institution - 0182, Kelowna, British Columbia, V1Y 5L3, Canada|Local Institution - 0128, Vancouver, British Columbia, V5Z 4E6, Canada|Local Institution - 0131, Moncton, New Brunswick, E1C 8X3, Canada|Local Institution - 0172, Toronto, Ontario, M4N 3M5, Canada|Local Institution - 0148, Toronto, Ontario, M5G 2M9, Canada|Local Institution - 0132, Montreal, Quebec, H3T 1E2, Canada|Local Institution - 0101, Santiago, Metropolitana, 8420383, Chile|Local Institution - 0102, Santiago, Metropolitana, Chile|Local Institution - 0144, Santiago, Metropolitana, Chile|Local Institution - 0103, Vina del Mar, 254 0364, Chile|Local Institution - 0080, Bogota, 0, Colombia|Local Institution - 0162, Medellin, 0, Colombia|Local Institution - 0081, Medellin, MEDELLIN, Colombia|Local Institution - 0050, Liberec, Liberecký Kraj, 460 63, Czechia|Local Institution - 0053, Brno, 656 53, Czechia|Local Institution - 0051, Hradec Kralove, 500 05, Czechia|Local Institution - 0052, Olomouc, 779 00, Czechia|Local Institution - 0136, Aarhus N, 8200, Denmark|Local Institution - 0158, Herlev, 2730, Denmark|Local Institution - 0137, Odense, 5000, Denmark|Local Institution - 0027, Helsinki, Uusimaa, 00290, Finland|Local Institution - 0028, Tampere, 33521, Finland|Local Institution - 0170, Besançon, 25030, France|Local Institution - 0062, Bordeaux, 33075, France|Local Institution - 0169, La Roche-Sur-Yon Cedex 9, 85925, France|Local Institution - 0060, Marseille Cedex 9, 13273, France|Local Institution - 0063, Saint Herblain, 44805, France|Local Institution - 0065, Strasbourg, 67091, France|Local Institution - 0059, Toulouse Cedex 9, 31059, France|Local Institution - 0058, Villejuif, 94805, France|Local Institution - 0061, Paris, Île-de-France, 75015, France|Local Institution - 0125, Aachen, 52074, Germany|Local Institution - 0126, Erlangen, 91054, Germany|Local Institution - 0141, Frankfurt, 60590, Germany|Local Institution - 0147, Hamburg, 20246, Germany|Local Institution - 0142, Hannover, 30625, Germany|Local Institution - 0123, Heidelberg, 69126, Germany|Local Institution - 0127, Homburg, 66424, Germany|Local Institution - 0129, Jena, 07747, Germany|Local Institution - 0143, Magdeburg, 39120, Germany|Local Institution - 0124, Muenchen, 81675, Germany|Local Institution - 0146, Muenster, 48149, Germany|Local Institution - 0130, Ulm, 89075, Germany|Local Institution - 0184, Gyula, Békés, 5700, Hungary|Local Institution - 0083, Budapest, 1122, Hungary|Local Institution - 0082, Debrecen, 4032, Hungary|Local Institution - 0084, Pecs, 7624, Hungary|Local Institution - 0015, Wilton, Cork, 0, Ireland|Local Institution - 0017, Dublin 7, Dublin, 0, Ireland|Local Institution - 0018, Dublin 7, Dublin, 0, Ireland|Local Institution - 0016, Dublin, 24, Ireland|Local Institution - 0120, Haifa, 31096, Israel|Local Institution - 0117, Kfar Saba, 44281, Israel|Local Institution - 0121, Petach Tikva, 49100, Israel|Local Institution - 0118, Ramat-gan, 52621, Israel|Local Institution - 0119, Zerifin, 70300, Israel|Local Institution - 0022, Arezzo, 52100, Italy|Local Institution - 0024, Meldola (fc), 47014, Italy|Local Institution - 0023, Milano, 20133, Italy|Local Institution - 0064, Napoli, 80131, Italy|Local Institution - 0079, Padova, 35128, Italy|Local Institution - 0025, Pavia, 27100, Italy|Local Institution - 0026, Roma, 00149, Italy|Local Institution - 0192, Akita-shi, Akita, 010-8542, Japan|Local Institution - 0209, Hirosaki-shi, Aomori, 036-8563, Japan|Local Institution - 0187, Chiba-shi, Chiba, 260-8717, Japan|Local Institution - 0196, Fukuoka-shi, Fukuoka, 8128582, Japan|Local Institution - 0188, Sapporo-shi, Hokai-do, 060-8543, Japan|Local Institution - 0183, Sapporo-shi, Hokkaido, 0608648, Japan|Local Institution - 0206, Kobe, Hyogo, 6500017, Japan|Local Institution - 0205, Tsukuba-shi, Ibaraki, 3058576, Japan|Local Institution - 0200, Morioka-shi, Iwate, 0208505, Japan|Local Institution - 0186, Yokohama-shi, Kanagawa, 2360004, Japan|Local Institution - 0189, Kumamoto-shi, Kumamoto, 8608556, Japan|Local Institution - 0191, Kyoto-shi, Kyoto, 6028566, Japan|Local Institution - 0199, Niigata-shi, Niigata, 9518520, Japan|Local Institution - 0204, Okayama-shi, Okayama, 7008558, Japan|Local Institution - 0190, Osaka-sayama, Osaka, 589-8511, Japan|Local Institution - 0201, Suita-shi, Osaka, 565-0871, Japan|Local Institution - 0208, Hamamatsu-shi, Shizuoka, 4313192, Japan|Local Institution - 0194, Tokushima-shi, Tokushima, 770-8503, Japan|Local Institution - 0202, Bunkyo-ku, Tokyo, 113-8603, Japan|Local Institution - 0197, Bunkyo-ku, Tokyo, 1138431, Japan|Local Institution - 0195, Bunkyo-ku, Tokyo, 1138655, Japan|Local Institution - 0207, Koto-ku, Tokyo, 1358550, Japan|Local Institution - 0185, Shinjuku-Ku, Tokyo, 1608582, Japan|Local Institution - 0193, Shinjuku-ku, Tokyo, 1628666, Japan|Local Institution - 0198, Tokyo, 113-8519, Japan|Local Institution - 0203, Yamagata, 9909585, Japan|Local Institution - 0178, Seoul, 03080, Korea, Republic of|Local Institution - 0177, Seoul, 05505, Korea, Republic of|Local Institution - 0176, Seoul, 120-752, Korea, Republic of|Local Institution - 0168, Mexico D.f., Distrito Federal, 14050, Mexico|Local Institution - 0171, Monterrey, Nuevo Leon, 64460, Mexico|Local Institution - 0175, Queretaro, Querétaro, 76090, Mexico|Local Institution - 0167, Oaxaca, 68000, Mexico|Local Institution - 0029, Amsterdam, 1066 CX, Netherlands|Local Institution - 0040, Groningen, 9713 GZ, Netherlands|Local Institution - 0030, Nijmegen, 6525 GA, Netherlands|Local Institution - 0093, Krakow, 31-115, Poland|Local Institution - 0112, Poznan, 60-569, Poland|Local Institution - 0106, Wroclaw, 50-556, Poland|Local Institution - 0089, Barcelona, 08025, Spain|Local Institution - 0088, Barcelona, 08035, Spain|Local Institution - 0086, Madrid, 28034, Spain|Local Institution - 0085, Madrid, 28040, Spain|Local Institution - 0087, Madrid, 28041, Spain|Local Institution - 0111, Oviedo, 33011, Spain|Local Institution - 0090, Sevilla, 41013, Spain|Local Institution - 0134, Solna, 171 64, Sweden|Local Institution - 0179, Taipei, 100, Taiwan|Local Institution - 0180, Taipei, 112, Taiwan|Local Institution - 0181, Taoyuan, 333, Taiwan|Local Institution - 0115, Ankara, 06230, Turkey|Local Institution - 0114, Antalya, 07070, Turkey|Local Institution - 0122, Istanbul, 34890, Turkey|Local Institution - 0010, London, Greater London, SW3 6JJ, United Kingdom|Local Institution - 0009, Glasgow, Lanarkshire, G12 0YN, United Kingdom|Local Institution - 0077, London, EC1A 7BE, United Kingdom|Local Institution - 0021, Manchester, M20 4BX, United Kingdom|Local Institution - 0011, Northwood, HA6 2RN, United Kingdom|Local Institution - 0012, Swansea, SA2 8QA, United Kingdom","Study Protocol, https://cdn.clinicaltrials.gov/large-docs/49/NCT02231749/Prot_001.pdf|Statistical Analysis Plan, https://cdn.clinicaltrials.gov/large-docs/49/NCT02231749/SAP_000.pdf"
