NCT Number,Study Title,Study URL,Acronym,Study Status,Brief Summary,Study Results,Conditions,Interventions,Primary Outcome Measures,Secondary Outcome Measures,Other Outcome Measures,Sponsor,Collaborators,Sex,Age,Phases,Enrollment,Funder Type,Study Type,Study Design,Other IDs,Start Date,Primary Completion Date,Completion Date,First Posted,Results First Posted,Last Update Posted,Locations,Study Documents
NCT00561470,Aflibercept Versus Placebo in Combination With Irinotecan and 5-FU in the Treatment of Patients With Metastatic Colorectal Cancer After Failure of an Oxaliplatin Based Regimen,https://clinicaltrials.gov/study/NCT00561470,VELOUR,COMPLETED,"The main objective of the study was to evaluate the effectiveness of aflibercept (versus placebo) in increasing the overall survival in participants with metastatic colorectal cancer treated with FOLFIRI (Irinotecan, 5-Fluorouracil, and Leucovorin) and that have previously failed an oxaliplatin based treatment for metastatic disease.

The secondary objectives were to compare progression-free survival, to evaluate overall response rate, to evaluate the safety profile, to assess immunogenicity of intravenous (IV) aflibercept, and to assess pharmacokinetics of IV aflibercept in both treatment arms.",YES,Colorectal Neoplasms|Neoplasm Metastasis,"DRUG: Placebo|DRUG: Aflibercept (ziv-aflibercept, AVE0005, VEGF trap, ZALTRAP®)|DRUG: FOLFIRI (Irinotecan, 5-Fluorouracil, and Leucovorin)|DRUG: FOLFIRI (Irinotecan, 5-Fluorouracil, and Leucovorin)","Overall Survival (OS), Overall Survival was the time interval from the date of randomization to the date of death due to any cause. Once disease progression was documented, participants were followed every 2 months for survival status, until death or until the study cutoff date, whichever came first. The final data cutoff date for the analysis of OS was the date when 863 deaths had occurred (07 February 2011).

OS was estimated using the Kaplan-Meier method, and the Hazard Ratio was estimated using the Cox Proportional Hazard Model., From the date of the first randomization until the study data cut-off date, 07 February 2011 (approximately three years)","Progression-free Survival (PFS) Assessed by Independent Review Committee (IRC), PFS was the time interval from the date of randomization to the date of progression, or death from any cause if it occurs before tumor progression is documented. To evaluate disease progression, copies of all tumor imaging sets were systematically collected and assessed by the IRC.

PFS was analyzed using the Kaplan-Meier method, and the Hazard Ratio was estimated using the Cox Proportional Hazard Model.

The analysis for PFS was performed as planned when 561 deaths (OS events) had occurred., From the date of the first randomization until the occurrence of 561 OS events, 06 May 2010 (approximately 30 months)|Overall Objective Response Rate (ORR) Based on the Tumor Assessment by the Independent Review Committee (IRC) as Per Response Evaluation Criteria in Solid Tumours (RECIST) Criteria, The overall ORR was the percentage of evaluable participants who achieved complete response \[CR\] or partial response \[PR\] according to RECIST criteria version 1.0.

* CR reflected the disappearance of all tumor lesions (with no new tumors)
* PR reflected a pre-defined reduction in tumor burden

Tumors were assessed by the IRC using Computerized Tomography (CT) scans or Magnetic Resonance Imaging (MRI) scans; and an observed response was confirmed by repeated imaging after 4 - 6 weeks., From the date of the first randomization until the study data cut-off date, 06 May 2010 (approximately 30 months)|Number of Participants With Adverse Events (AE), All AEs regardless of seriousness or relationship to study treatment, spanning from the first administration of study treatment until 30 days after the last administration of study treatment, were recorded, and followed until resolution or stabilization.

The number of participants with all treatment emergent adverse events (TEAE), serious adverse events (SAE), TEAE leading to death, and TEAE leading to permanent treatment discontinuation are reported., From the date of the first randomization up to 30 days after the treatment discontinuation or until TEAE was resolved or stabilized|Immunogenicity Assessment: Number of Participants With Positive Sample(s) in the Anti-drug Antibodies (ADA) Assay and in the Neutralizing Anti-drug Antibodies (NAb) Assay, Serum samples for immunogenicity assessment were analyzed using a bridging immunoassay to detect ADA. Positive samples in the ADA assay were further analyzed in the NAb assay using a validated, non-quantitative ligand binding assay., Baseline, every other treatment cycle, 30 days and 90 days after the last infusion of aflibercept/placebo",,Sanofi,Regeneron Pharmaceuticals|NSABP Foundation Inc,ALL,"ADULT, OLDER_ADULT",PHASE3,1226,INDUSTRY,INTERVENTIONAL,"Allocation: RANDOMIZED|Intervention Model: PARALLEL|Masking: TRIPLE (PARTICIPANT, CARE_PROVIDER, INVESTIGATOR)|Primary Purpose: TREATMENT",EFC10262|EudraCT 2007-000820-42,2007-11,2011-02,2012-06,2007-11-21,2012-09-28,2012-09-28,"Sanofi-Aventis Investigational Site Number 840119, Birmingham, Alabama, 35203, United States|Sanofi-Aventis Investigational Site Number 840074, Muscle Shoals, Alabama, 35661, United States|Sanofi-Aventis Investigational Site Number 840093, Hot Springs, Arizona, 71913, United States|Sanofi-Aventis Investigational Site Number 840080, Anaheim, California, 92801, United States|Sanofi-Aventis Investigational Site Number 840076, Fountain Valley, California, 92708, United States|Sanofi-Aventis Investigational Site Number 840120, Fountain Valley, California, 92708, United States|Sanofi-Aventis Investigational Site Number 840073, Greenbrae, California, 94904-2007, United States|Sanofi-Aventis Investigational Site Number 840101, Hayward, California, 94545, United States|Sanofi-Aventis Investigational Site Number 840046, La Jolla, California, 92037, United States|Sanofi-Aventis Investigational Site Number 840116, Loma Linda, California, 92354, United States|Sanofi-Aventis Investigational Site Number 840048, Long Beach, California, 90813, United States|Sanofi-Aventis Investigational Site Number 840201, Oakland, California, 94611, United States|Sanofi-Aventis Investigational Site Number 840901, Roseville, California, 95678, United States|Sanofi-Aventis Investigational Site Number 840042, Sacramento, California, 95816, United States|Sanofi-Aventis Investigational Site Number 840301, Sacramento, California, 95825, United States|Sanofi-Aventis Investigational Site Number 840112, Salinas, California, 93901-3906, United States|Sanofi-Aventis Investigational Site Number 840006, San Diego, California, 92102, United States|Sanofi-Aventis Investigational Site Number 840106, San Diego, California, 92102, United States|Sanofi-Aventis Investigational Site Number 840206, San Diego, California, 92102, United States|Sanofi-Aventis Investigational Site Number 840306, San Diego, California, 92102, United States|Sanofi-Aventis Investigational Site Number 840406, San Diego, California, 92102, United States|Sanofi-Aventis Investigational Site Number 840506, San Diego, California, 92102, United States|Sanofi-Aventis Investigational Site Number 840606, San Diego, California, 92102, United States|Sanofi-Aventis Investigational Site Number 840706, San Diego, California, 92102, United States|Sanofi-Aventis Investigational Site Number 840806, San Diego, California, 92102, United States|Sanofi-Aventis Investigational Site Number 840906, San Diego, California, 92102, United States|Sanofi-Aventis Investigational Site Number 840401, San Francisco, California, 94115, United States|Sanofi-Aventis Investigational Site Number 840601, San Jose, California, 95119, United States|Sanofi-Aventis Investigational Site Number 840501, Santa Clara, California, 95051, United States|Sanofi-Aventis Investigational Site Number 840801, South San Francisco, California, 94080, United States|Sanofi-Aventis Investigational Site Number 840001, Vallejo, California, 94589, United States|Sanofi-Aventis Investigational Site Number 840701, Walnut Creek, California, 94596, United States|Sanofi-Aventis Investigational Site Number 840071, Stamford, Connecticut, 06902, United States|Sanofi-Aventis Investigational Site Number 840014, Newark, Delaware, 19718, United States|Sanofi-Aventis Investigational Site Number 840089, Boynton Beach, Florida, 33435, United States|Sanofi-Aventis Investigational Site Number 840041, Gainesville, Florida, 32608, United States|Sanofi-Aventis Investigational Site Number 840031, Gainesville, Florida, 32610, United States|Sanofi-Aventis Investigational Site Number 840122, Miami, Florida, 33176, United States|Sanofi-Aventis Investigational Site Number 840079, The Villages, Florida, 32159, United States|Sanofi-Aventis Investigational Site Number 840087, Chicago, Illinois, 60616, United States|Sanofi-Aventis Investigational Site Number 840019, Decatur, Illinois, 62526, United States|Sanofi-Aventis Investigational Site Number 840115, Elk Grove Village, Illinois, 60007, United States|Sanofi-Aventis Investigational Site Number 840010, Naperville, Illinois, 60540, United States|Sanofi-Aventis Investigational Site Number 840113, Quincy, Illinois, 62301, United States|Sanofi-Aventis Investigational Site Number 840072, Indianapolis, Indiana, 46254, United States|Sanofi-Aventis Investigational Site Number 840047, Indianapolis, Indiana, 46260, United States|Sanofi-Aventis Investigational Site Number 840034, Munster, Indiana, 46321, United States|Sanofi-Aventis Investigational Site Number 840088, Louisville, Kentucky, 40202, United States|Sanofi-Aventis Investigational Site Number 840096, Paducah, Kentucky, 42003, United States|Sanofi-Aventis Investigational Site Number 840043, Baton Rouge, Louisiana, 70809, United States|Sanofi-Aventis Investigational Site Number 840084, Metairie, Louisiana, 70006, United States|Sanofi-Aventis Investigational Site Number 840015, New Orleans, Louisiana, 70121, United States|Sanofi-Aventis Investigational Site Number 840070, Rockville, Maryland, 20850, United States|Sanofi-Aventis Investigational Site Number 840029, Salisbury, Maryland, 21801, United States|Sanofi-Aventis Investigational Site Number 840053, Pontiac, Michigan, 48341, United States|Sanofi-Aventis Investigational Site Number 840021, St Louis Park, Minnesota, 55416, United States|Sanofi-Aventis Investigational Site Number 840081, Kansas City, Missouri, 64128, United States|Sanofi-Aventis Investigational Site Number 840052, St Louis, Missouri, 63104, United States|Sanofi-Aventis Investigational Site Number 840114, St. Louis, Missouri, 63136, United States|Sanofi-Aventis Investigational Site Number 840049, Las Vegas, Nevada, 89106, United States|Sanofi-Aventis Investigational Site Number 840044, Albuquerque, New Mexico, 87131, United States|Sanofi-Aventis Investigational Site Number 840036, Albany, New York, 12206, United States|Sanofi-Aventis Investigational Site Number 840094, Lake Success, New York, 11042, United States|Sanofi-Aventis Investigational Site Number 840017, Syracuse, New York, 13210, United States|Sanofi-Aventis Investigational Site Number 840097, Syracuse, New York, 13210, United States|Sanofi-Aventis Investigational Site Number 840035, Burlington, North Carolina, 27215, United States|Sanofi-Aventis Investigational Site Number 840024, Charlotte, North Carolina, 28204, United States|Sanofi-Aventis Investigational Site Number 840026, Charlotte, North Carolina, 28262, United States|Sanofi-Aventis Investigational Site Number 840005, Goldsboro, North Carolina, 27534, United States|Sanofi-Aventis Investigational Site Number 840004, Hendersonville, North Carolina, 28791, United States|Sanofi-Aventis Investigational Site Number 840075, Winston-Salem, North Carolina, 27103, United States|Sanofi-Aventis Investigational Site Number 840098, Cincinnati, Ohio, 45219, United States|Sanofi-Aventis Investigational Site Number 840011, Kettering, Ohio, 45429, United States|Sanofi-Aventis Investigational Site Number 840086, Middletown, Ohio, 45042, United States|Sanofi-Aventis Investigational Site Number 840008, Toledo, Ohio, 43623, United States|Sanofi-Aventis Investigational Site Number 840039, Portland, Oregon, 97227, United States|Sanofi-Aventis Investigational Site Number 840118, Bethlehem, Pennsylvania, 18015, United States|Sanofi-Aventis Investigational Site Number 840033, Philadelphia, Pennsylvania, 19107, United States|Sanofi-Aventis Investigational Site Number 840012, Pittsburgh, Pennsylvania, 15212, United States|Sanofi-Aventis Investigational Site Number 840082, Pawtucket, Rhode Island, 02860, United States|Sanofi-Aventis Investigational Site Number 840095, Woonsocket, Rhode Island, 02895, United States|Sanofi-Aventis Investigational Site Number 840085, Charleston, South Carolina, 29403, United States|Sanofi-Aventis Investigational Site Number 840037, Spartanburg, South Carolina, 29303, United States|Sanofi-Aventis Investigational Site Number 840078, Corpus Christi, Texas, 78405, United States|Sanofi-Aventis Investigational Site Number 840117, Temple, Texas, 76508, United States|Sanofi-Aventis Investigational Site Number 840099, Seattle, Washington, 98115, United States|Sanofi-Aventis Investigational Site Number 840002, Marshfield, Wisconsin, 54449, United States|Sanofi-Aventis Investigational Site Number 032003, Bahia Blanca, 8000, Argentina|Sanofi-Aventis Investigational Site Number 032006, Buenos Aires, 1426ANZ, Argentina|Sanofi-Aventis Investigational Site Number 032005, Ciudad De Buenos Aires, C1426BOR, Argentina|Sanofi-Aventis Investigational Site Number 032007, Salta, 4400, Argentina|Sanofi-Aventis Investigational Site Number 036004, Hornsby, 2077, Australia|Sanofi-Aventis Investigational Site Number 036001, Kingswood, 2747, Australia|Sanofi-Aventis Investigational Site Number 036002, Kurralta Park, 5037, Australia|Sanofi-Aventis Investigational Site Number 036005, Melbourne, 3050, Australia|Sanofi-Aventis Investigational Site Number 036003, Melbourne, 3128, Australia|Sanofi-Aventis Investigational Site Number 036007, Nedlands, 6009, Australia|Sanofi-Aventis Investigational Site Number 036006, Subiaco, 6008, Australia|Sanofi-Aventis Investigational Site Number 040001, Wien, 1090, Austria|Sanofi-Aventis Investigational Site Number 056006, Bonheiden, 2820, Belgium|Sanofi-Aventis Investigational Site Number 056007, Bruxelles, 1000, Belgium|Sanofi-Aventis Investigational Site Number 056002, Bruxelles, 1070, Belgium|Sanofi-Aventis Investigational Site Number 056004, Bruxelles, 1200, Belgium|Sanofi-Aventis Investigational Site Number 056001, Gent, 9000, Belgium|Sanofi-Aventis Investigational Site Number 056005, Haine-Saint-Paul, 7100, Belgium|Sanofi-Aventis Investigational Site Number 056003, Leuven, 3000, Belgium|Sanofi-Aventis Investigational Site Number 076004, Porto Alegre, 90035-003, Brazil|Sanofi-Aventis Investigational Site Number 076005, Porto Alegre, 90110-270, Brazil|Sanofi-Aventis Investigational Site Number 076002, Porto Alegre, 90430090, Brazil|Sanofi-Aventis Investigational Site Number 076008, Rio De Janeiro, 20231-050, Brazil|Sanofi-Aventis Investigational Site Number 076003, Rio De Janeiro, 22260-020, Brazil|Sanofi-Aventis Investigational Site Number 076001, Santo Andre, 09050-360, Brazil|Sanofi-Aventis Investigational Site Number 076007, Sao Paulo, 01246-000, Brazil|Sanofi-Aventis Investigational Site Number 076006, Sao Paulo, 01308050, Brazil|Sanofi-Aventis Investigational Site Number 152002, Santiago, 7510032, Chile|Sanofi-Aventis Investigational Site Number 152003, Santiago, 7650635, Chile|Sanofi-Aventis Investigational Site Number 152001, Santiago, 8380455, Chile|Sanofi-Aventis Investigational Site Number 152005, Santiago, 8380456, Chile|Sanofi-Aventis Investigational Site Number 152004, Viña Del Mar, 2540364, Chile|Sanofi-Aventis Investigational Site Number 203002, Brno, 62500, Czech Republic|Sanofi-Aventis Investigational Site Number 203001, Brno, 65653, Czech Republic|Sanofi-Aventis Investigational Site Number 203004, Praha 5, 15006, Czech Republic|Sanofi-Aventis Investigational Site Number 208001, Odense C, 5000, Denmark|Sanofi-Aventis Investigational Site Number 208003, Ålborg, 9100, Denmark|Sanofi-Aventis Investigational Site Number 233002, Tallinn, 13419, Estonia|Sanofi-Aventis Investigational Site Number 233001, Tartu, 50406, Estonia|Sanofi-Aventis Investigational Site Number 250002, Brest, 29200, France|Sanofi-Aventis Investigational Site Number 250004, Clichy Cx, 92118, France|Sanofi-Aventis Investigational Site Number 250005, La Roche Sur Yon, 85925, France|Sanofi-Aventis Investigational Site Number 250001, Lyon Cedex 03, 69437, France|Sanofi-Aventis Investigational Site Number 250003, Paris, 75013, France|Sanofi-Aventis Investigational Site Number 276003, Aschaffenburg, 63739, Germany|Sanofi-Aventis Investigational Site Number 276002, Essen, 45147, Germany|Sanofi-Aventis Investigational Site Number 276001, Halle / Saale, 06120, Germany|Sanofi-Aventis Investigational Site Number 276005, Magdeburg, 39104, Germany|Sanofi-Aventis Investigational Site Number 276004, Magdeburg, 39130, Germany|Sanofi-Aventis Investigational Site Number 276006, München, 81737, Germany|Sanofi-Aventis Investigational Site Number 300005, Athens, 11522, Greece|Sanofi-Aventis Investigational Site Number 300004, Athens, 11527, Greece|Sanofi-Aventis Investigational Site Number 300001, Heraklion, 71110, Greece|Sanofi-Aventis Investigational Site Number 300002, Ilion, Athens, Greece|Sanofi-Aventis Investigational Site Number 300003, Patras, 26500, Greece|Sanofi-Aventis Investigational Site Number 380007, Ancona, 60032, Italy|Sanofi-Aventis Investigational Site Number 380005, Aviano, 33081, Italy|Sanofi-Aventis Investigational Site Number 380004, Candiolo, 10060, Italy|Sanofi-Aventis Investigational Site Number 380003, Genova, 16128, Italy|Sanofi-Aventis Investigational Site Number 380001, Milano, 20133, Italy|Sanofi-Aventis Investigational Site Number 380002, Milano, 20141, Italy|Sanofi-Aventis Investigational Site Number 380008, Rozzano, 20089, Italy|Sanofi-Aventis Investigational Site Number 380006, San Giovanni Rotondo, 71013, Italy|Sanofi-Aventis Investigational Site Number 410001, Goyang, 410-760, Korea, Republic of|Sanofi-Aventis Investigational Site Number 410003, Seoul, 110-744, Korea, Republic of|Sanofi-Aventis Investigational Site Number 410005, Seoul, 120-752, Korea, Republic of|Sanofi-Aventis Investigational Site Number 410002, Seoul, 135-710, Korea, Republic of|Sanofi-Aventis Investigational Site Number 410004, Seoul, 138-736, Korea, Republic of|Sanofi-Aventis Investigational Site Number 528004, Amsterdam, 1091 HA, Netherlands|Sanofi-Aventis Investigational Site Number 528001, Blaricum, 1261 AN, Netherlands|Sanofi-Aventis Investigational Site Number 528005, Breda, 4819 EV, Netherlands|Sanofi-Aventis Investigational Site Number 528002, Rotterdam, 3007 AC, Netherlands|Sanofi-Aventis Investigational Site Number 528003, Sittard-Geleen, 6162 BG, Netherlands|Sanofi-Aventis Investigational Site Number 554009, Auckland, 1023, New Zealand|Sanofi-Aventis Investigational Site Number 554010, Christchurch, New Zealand|Sanofi-Aventis Investigational Site Number 578002, Bergen, 5021, Norway|Sanofi-Aventis Investigational Site Number 578001, Oslo, 0407, Norway|Sanofi-Aventis Investigational Site Number 578003, Stavanger, 4011, Norway|Sanofi-Aventis Investigational Site Number 616005, Czestochowa, 42-200, Poland|Sanofi-Aventis Investigational Site Number 616004, Elblag, 82-300, Poland|Sanofi-Aventis Investigational Site Number 616007, Krakow, 31-826, Poland|Sanofi-Aventis Investigational Site Number 616003, Lodz, 93-509, Poland|Sanofi-Aventis Investigational Site Number 616002, Poznan, 61-485, Poland|Sanofi-Aventis Investigational Site Number 616006, Rybnik, 44-200, Poland|Sanofi-Aventis Investigational Site Number 616001, Wroclaw, 53-413, Poland|Sanofi-Aventis Investigational Site Number 630001, San Juan, 00927, Puerto Rico|Sanofi-Aventis Investigational Site Number 642004, Alba Iulia, 510077, Romania|Sanofi-Aventis Investigational Site Number 642007, Bucharest, 050098, Romania|Sanofi-Aventis Investigational Site Number 642001, Bucuresti, 022328, Romania|Sanofi-Aventis Investigational Site Number 642002, Bucuresti, 022328, Romania|Sanofi-Aventis Investigational Site Number 642003, Cluj Napoca, 400015, Romania|Sanofi-Aventis Investigational Site Number 642006, Iasi, 700106, Romania|Sanofi-Aventis Investigational Site Number 642005, Suceava, 720237, Romania|Sanofi-Aventis Investigational Site Number 643001, Moscow, 115478, Russian Federation|Sanofi-Aventis Investigational Site Number 643006, Moscow, 115478, Russian Federation|Sanofi-Aventis Investigational Site Number 643002, Moscow, 129128, Russian Federation|Sanofi-Aventis Investigational Site Number 643003, Saint-Petersburg, 197758, Russian Federation|Sanofi-Aventis Investigational Site Number 643004, St-Petersburg, 191104, Russian Federation|Sanofi-Aventis Investigational Site Number 643007, St-Petersburg, 197758, Russian Federation|Sanofi-Aventis Investigational Site Number 710004, Cape Town, 7506, South Africa|Sanofi-Aventis Investigational Site Number 710005, Durban, 4001, South Africa|Sanofi-Aventis Investigational Site Number 710008, Durban, 4062, South Africa|Sanofi-Aventis Investigational Site Number 710001, Parktown, 2193, South Africa|Sanofi-Aventis Investigational Site Number 710006, Port Elizabeth, 6001, South Africa|Sanofi-Aventis Investigational Site Number 710007, Pretoria, 0001, South Africa|Sanofi-Aventis Investigational Site Number 710003, Pretoria, 0181, South Africa|Sanofi-Aventis Investigational Site Number 724002, Barakaldo, 48903, Spain|Sanofi-Aventis Investigational Site Number 724005, Barcelona, 08003, Spain|Sanofi-Aventis Investigational Site Number 724001, Barcelona, 08035, Spain|Sanofi-Aventis Investigational Site Number 724006, Madrid, 28035, Spain|Sanofi-Aventis Investigational Site Number 724003, Madrid, 28041, Spain|Sanofi-Aventis Investigational Site Number 724007, Reus, 43201, Spain|Sanofi-Aventis Investigational Site Number 752002, Stockholm, 171 76, Sweden|Sanofi-Aventis Investigational Site Number 752003, Sundsvall, 851 86, Sweden|Sanofi-Aventis Investigational Site Number 752001, Uppsala, 751 85, Sweden|Sanofi-Aventis Investigational Site Number 792005, Adana, 01120, Turkey|Sanofi-Aventis Investigational Site Number 792004, Ankara, 06100, Turkey|Sanofi-Aventis Investigational Site Number 792001, Ankara, 06500, Turkey|Sanofi-Aventis Investigational Site Number 792002, Izmir, 35340, Turkey|Sanofi-Aventis Investigational Site Number 792003, Kayseri, 38039, Turkey|Sanofi-Aventis Investigational Site Number 804005, Dnipropetrovsk, Ukraine|Sanofi-Aventis Investigational Site Number 804004, Donetsk, 83092, Ukraine|Sanofi-Aventis Investigational Site Number 804006, Kharkiv, 61037, Ukraine|Sanofi-Aventis Investigational Site Number 804002, Kharkov, 61070, Ukraine|Sanofi-Aventis Investigational Site Number 826001, Aberdeen, AB25 2ZD, United Kingdom|Sanofi-Aventis Investigational Site Number 826010, Bournemouth, BH7 7DW, United Kingdom|Sanofi-Aventis Investigational Site Number 826009, Dudley, DY1 2HQ, United Kingdom|Sanofi-Aventis Investigational Site Number 826008, London, EC1A 7BE, United Kingdom|Sanofi-Aventis Investigational Site Number 826004, London, N18 1QX, United Kingdom|Sanofi-Aventis Investigational Site Number 826007, London, SE1 7EH, United Kingdom|Sanofi-Aventis Investigational Site Number 826011, London, SW3 6JJ, United Kingdom|Sanofi-Aventis Investigational Site Number 826002, Manchester, M20 4BX, United Kingdom|Sanofi-Aventis Investigational Site Number 826003, Northwood, HA6 2RN, United Kingdom|Sanofi-Aventis Investigational Site Number 826005, Sutton, SM2 5PT, United Kingdom",
